{
  "GroupName": "Riverborn Argonian Females Vanilla 2K",
  "ShortName": "RAF",
  "ConfigType": "Primary",
  "Gender": "Female",
  "DisplayAlerts": true,
  "UserAlert": "",
  "Subgroups": [
    {
      "ID": "HD",
      "Name": "Head Diffuse",
      "Enabled": true,
      "DistributionEnabled": true,
      "Notes": "",
      "AllowedRaces": [],
      "AllowedRaceGroupings": [],
      "DisallowedRaces": [],
      "DisallowedRaceGroupings": [],
      "AllowedAttributes": [],
      "DisallowedAttributes": [],
      "AllowUnique": true,
      "AllowNonUnique": true,
      "RequiredSubgroups": [],
      "ExcludedSubgroups": [],
      "AddKeywords": [],
      "ProbabilityWeighting": 1.0,
      "Paths": [
        {
          "Source": "textures\\RAF\\Riverborn Argonian Female Skin 2K Vanilla\\textures\\actors\\character\\argonianfemale\\argonianfemalehead.dds",
          "Destination": "HeadTexture.Diffuse.RawPath"
        }
      ],
      "AllowedBodyGenDescriptors": [],
      "AllowedBodyGenMatchMode": "All",
      "DisallowedBodyGenDescriptors": [],
      "DisallowedBodyGenMatchMode": "Any",
      "AllowedBodySlideDescriptors": [],
      "AllowedBodySlideMatchMode": "All",
      "DisallowedBodySlideDescriptors": [],
      "DisallowedBodySlideMatchMode": "Any",
      "WeightRange": {
        "Lower": 0,
        "Upper": 100
      },
      "Subgroups": [],
      "TopLevelSubgroupID": ""
    },
    {
      "ID": "HN",
      "Name": "Head Normal",
      "Enabled": true,
      "DistributionEnabled": true,
      "Notes": "",
      "AllowedRaces": [],
      "AllowedRaceGroupings": [],
      "DisallowedRaces": [],
      "DisallowedRaceGroupings": [],
      "AllowedAttributes": [],
      "DisallowedAttributes": [],
      "AllowUnique": true,
      "AllowNonUnique": true,
      "RequiredSubgroups": [],
      "ExcludedSubgroups": [],
      "AddKeywords": [],
      "ProbabilityWeighting": 1.0,
      "Paths": [
        {
          "Source": "textures\\RAF\\Riverborn Argonian Female Skin 2K Vanilla\\textures\\actors\\character\\argonianfemale\\argonianfemalehead_msn.dds",
          "Destination": "HeadTexture.NormalOrGloss.RawPath"
        }
      ],
      "AllowedBodyGenDescriptors": [],
      "AllowedBodyGenMatchMode": "All",
      "DisallowedBodyGenDescriptors": [],
      "DisallowedBodyGenMatchMode": "Any",
      "AllowedBodySlideDescriptors": [],
      "AllowedBodySlideMatchMode": "All",
      "DisallowedBodySlideDescriptors": [],
      "DisallowedBodySlideMatchMode": "Any",
      "WeightRange": {
        "Lower": 0,
        "Upper": 100
      },
      "Subgroups": [],
      "TopLevelSubgroupID": ""
    },
    {
      "ID": "HS",
      "Name": "Head Specular",
      "Enabled": true,
      "DistributionEnabled": true,
      "Notes": "",
      "AllowedRaces": [],
      "AllowedRaceGroupings": [],
      "DisallowedRaces": [],
      "DisallowedRaceGroupings": [],
      "AllowedAttributes": [],
      "DisallowedAttributes": [],
      "AllowUnique": true,
      "AllowNonUnique": true,
      "RequiredSubgroups": [],
      "ExcludedSubgroups": [],
      "AddKeywords": [],
      "ProbabilityWeighting": 1.0,
      "Paths": [
        {
          "Source": "textures\\RAF\\Riverborn Argonian Female Skin 2K Vanilla\\textures\\actors\\character\\argonianfemale\\argonianfemalehead_s.dds",
          "Destination": "HeadTexture.BacklightMaskOrSpecular.RawPath"
        }
      ],
      "AllowedBodyGenDescriptors": [],
      "AllowedBodyGenMatchMode": "All",
      "DisallowedBodyGenDescriptors": [],
      "DisallowedBodyGenMatchMode": "Any",
      "AllowedBodySlideDescriptors": [],
      "AllowedBodySlideMatchMode": "All",
      "DisallowedBodySlideDescriptors": [],
      "DisallowedBodySlideMatchMode": "Any",
      "WeightRange": {
        "Lower": 0,
        "Upper": 100
      },
      "Subgroups": [],
      "TopLevelSubgroupID": ""
    },
    {
      "ID": "HDe",
      "Name": "Head Detail",
      "Enabled": true,
      "DistributionEnabled": true,
      "Notes": "",
      "AllowedRaces": [],
      "AllowedRaceGroupings": [],
      "DisallowedRaces": [],
      "DisallowedRaceGroupings": [],
      "AllowedAttributes": [],
      "DisallowedAttributes": [],
      "AllowUnique": true,
      "AllowNonUnique": true,
      "RequiredSubgroups": [],
      "ExcludedSubgroups": [],
      "AddKeywords": [],
      "ProbabilityWeighting": 1.0,
      "Paths": [],
      "AllowedBodyGenDescriptors": [],
      "AllowedBodyGenMatchMode": "All",
      "DisallowedBodyGenDescriptors": [],
      "DisallowedBodyGenMatchMode": "Any",
      "AllowedBodySlideDescriptors": [],
      "AllowedBodySlideMatchMode": "All",
      "DisallowedBodySlideDescriptors": [],
      "DisallowedBodySlideMatchMode": "Any",
      "WeightRange": {
        "Lower": 0,
        "Upper": 100
      },
      "Subgroups": [
        {
          "ID": "HDe.BDM",
          "Name": "Blank Detail Map",
          "Enabled": true,
          "DistributionEnabled": true,
          "Notes": "",
          "AllowedRaces": [],
          "AllowedRaceGroupings": [],
          "DisallowedRaces": [],
          "DisallowedRaceGroupings": [],
          "AllowedAttributes": [],
          "DisallowedAttributes": [],
          "AllowUnique": true,
          "AllowNonUnique": true,
          "RequiredSubgroups": [],
          "ExcludedSubgroups": [],
          "AddKeywords": [],
          "ProbabilityWeighting": 1.0,
          "Paths": [
            {
              "Source": "textures\\RAF\\Riverborn Argonian Female Skin 2K Vanilla\\textures\\actors\\character\\argonianfemale\\blankdetailmap.dds",
              "Destination": "HeadTexture.Height.RawPath"
            }
          ],
          "AllowedBodyGenDescriptors": [],
          "AllowedBodyGenMatchMode": "All",
          "DisallowedBodyGenDescriptors": [],
          "DisallowedBodyGenMatchMode": "Any",
          "AllowedBodySlideDescriptors": [],
          "AllowedBodySlideMatchMode": "All",
          "DisallowedBodySlideDescriptors": [],
          "DisallowedBodySlideMatchMode": "Any",
          "WeightRange": {
            "Lower": 0,
            "Upper": 100
          },
          "Subgroups": [],
          "TopLevelSubgroupID": ""
        },
        {
          "ID": "HDe.Old",
          "Name": "Old",
          "Enabled": true,
          "DistributionEnabled": true,
          "Notes": "",
          "AllowedRaces": [],
          "AllowedRaceGroupings": [],
          "DisallowedRaces": [],
          "DisallowedRaceGroupings": [],
          "AllowedAttributes": [],
          "DisallowedAttributes": [],
          "AllowUnique": true,
          "AllowNonUnique": true,
          "RequiredSubgroups": [],
          "ExcludedSubgroups": [],
          "AddKeywords": [],
          "ProbabilityWeighting": 1.0,
          "Paths": [
            {
              "Source": "textures\\RAF\\Riverborn Argonian Female Skin 2K Vanilla\\textures\\actors\\character\\argonianfemale\\argonianfemaleheadold.dds",
              "Destination": "HeadTexture.Height.RawPath"
            }
          ],
          "AllowedBodyGenDescriptors": [],
          "AllowedBodyGenMatchMode": "All",
          "DisallowedBodyGenDescriptors": [],
          "DisallowedBodyGenMatchMode": "Any",
          "AllowedBodySlideDescriptors": [],
          "AllowedBodySlideMatchMode": "All",
          "DisallowedBodySlideDescriptors": [],
          "DisallowedBodySlideMatchMode": "Any",
          "WeightRange": {
            "Lower": 0,
            "Upper": 100
          },
          "Subgroups": [],
          "TopLevelSubgroupID": ""
        }
      ],
      "TopLevelSubgroupID": ""
    },
    {
      "ID": "BD",
      "Name": "Body Diffuse",
      "Enabled": true,
      "DistributionEnabled": true,
      "Notes": "",
      "AllowedRaces": [],
      "AllowedRaceGroupings": [],
      "DisallowedRaces": [],
      "DisallowedRaceGroupings": [],
      "AllowedAttributes": [],
      "DisallowedAttributes": [],
      "AllowUnique": true,
      "AllowNonUnique": true,
      "RequiredSubgroups": [],
      "ExcludedSubgroups": [],
      "AddKeywords": [],
      "ProbabilityWeighting": 1.0,
      "Paths": [
        {
          "Source": "textures\\RAF\\Riverborn Argonian Female Skin 2K Vanilla\\textures\\actors\\character\\argonianfemale\\argonianfemalebody.dds",
          "Destination": "WornArmor.Armature[BodyTemplate.FirstPersonFlags.Invoke:HasFlag(BipedObjectFlag.Body) && MatchRace(Race, AdditionalRaces, MatchDefault)].SkinTexture.Female.Diffuse.RawPath"
        },
        {
          "Source": "textures\\RAF\\Riverborn Argonian Female Skin 2K Vanilla\\textures\\actors\\character\\argonianfemale\\argonianfemalebody.dds",
          "Destination": "WornArmor.Armature[BodyTemplate.FirstPersonFlags.Invoke:HasFlag(BipedObjectFlag.Feet) && MatchRace(Race, AdditionalRaces, MatchDefault)].SkinTexture.Female.Diffuse.RawPath"
        },
        {
          "Source": "textures\\RAF\\Riverborn Argonian Female Skin 2K Vanilla\\textures\\actors\\character\\argonianfemale\\argonianfemalebody.dds",
          "Destination": "WornArmor.Armature[BodyTemplate.FirstPersonFlags.Invoke:HasFlag(BipedObjectFlag.Tail) && MatchRace(Race, AdditionalRaces, MatchDefault)].SkinTexture.Female.Diffuse.RawPath"
        }
      ],
      "AllowedBodyGenDescriptors": [],
      "AllowedBodyGenMatchMode": "All",
      "DisallowedBodyGenDescriptors": [],
      "DisallowedBodyGenMatchMode": "Any",
      "AllowedBodySlideDescriptors": [],
      "AllowedBodySlideMatchMode": "All",
      "DisallowedBodySlideDescriptors": [],
      "DisallowedBodySlideMatchMode": "Any",
      "WeightRange": {
        "Lower": 0,
        "Upper": 100
      },
      "Subgroups": [],
      "TopLevelSubgroupID": ""
    },
    {
      "ID": "BN",
      "Name": "Body Normal",
      "Enabled": true,
      "DistributionEnabled": true,
      "Notes": "",
      "AllowedRaces": [],
      "AllowedRaceGroupings": [],
      "DisallowedRaces": [],
      "DisallowedRaceGroupings": [],
      "AllowedAttributes": [],
      "DisallowedAttributes": [],
      "AllowUnique": true,
      "AllowNonUnique": true,
      "RequiredSubgroups": [],
      "ExcludedSubgroups": [],
      "AddKeywords": [],
      "ProbabilityWeighting": 1.0,
      "Paths": [
        {
          "Source": "textures\\RAF\\Riverborn Argonian Female Skin 2K Vanilla\\textures\\actors\\character\\argonianfemale\\argonianfemalebody_msn.dds",
          "Destination": "WornArmor.Armature[BodyTemplate.FirstPersonFlags.Invoke:HasFlag(BipedObjectFlag.Body) && MatchRace(Race, AdditionalRaces, MatchDefault)].SkinTexture.Female.NormalOrGloss.RawPath"
        },
        {
          "Source": "textures\\RAF\\Riverborn Argonian Female Skin 2K Vanilla\\textures\\actors\\character\\argonianfemale\\argonianfemalebody_msn.dds",
          "Destination": "WornArmor.Armature[BodyTemplate.FirstPersonFlags.Invoke:HasFlag(BipedObjectFlag.Feet) && MatchRace(Race, AdditionalRaces, MatchDefault)].SkinTexture.Female.NormalOrGloss.RawPath"
        },
        {
          "Source": "textures\\RAF\\Riverborn Argonian Female Skin 2K Vanilla\\textures\\actors\\character\\argonianfemale\\argonianfemalebody_msn.dds",
          "Destination": "WornArmor.Armature[BodyTemplate.FirstPersonFlags.Invoke:HasFlag(BipedObjectFlag.Tail) && MatchRace(Race, AdditionalRaces, MatchDefault)].SkinTexture.Female.NormalOrGloss.RawPath"
        }
      ],
      "AllowedBodyGenDescriptors": [],
      "AllowedBodyGenMatchMode": "All",
      "DisallowedBodyGenDescriptors": [],
      "DisallowedBodyGenMatchMode": "Any",
      "AllowedBodySlideDescriptors": [],
      "AllowedBodySlideMatchMode": "All",
      "DisallowedBodySlideDescriptors": [],
      "DisallowedBodySlideMatchMode": "Any",
      "WeightRange": {
        "Lower": 0,
        "Upper": 100
      },
      "Subgroups": [],
      "TopLevelSubgroupID": ""
    },
    {
      "ID": "BS",
      "Name": "Body Specular",
      "Enabled": true,
      "DistributionEnabled": true,
      "Notes": "",
      "AllowedRaces": [],
      "AllowedRaceGroupings": [],
      "DisallowedRaces": [],
      "DisallowedRaceGroupings": [],
      "AllowedAttributes": [],
      "DisallowedAttributes": [],
      "AllowUnique": true,
      "AllowNonUnique": true,
      "RequiredSubgroups": [],
      "ExcludedSubgroups": [],
      "AddKeywords": [],
      "ProbabilityWeighting": 1.0,
      "Paths": [
        {
          "Source": "textures\\RAF\\Riverborn Argonian Female Skin 2K Vanilla\\textures\\actors\\character\\argonianfemale\\argonianfemalebody_s.dds",
          "Destination": "WornArmor.Armature[BodyTemplate.FirstPersonFlags.Invoke:HasFlag(BipedObjectFlag.Body) && MatchRace(Race, AdditionalRaces, MatchDefault)].SkinTexture.Female.BacklightMaskOrSpecular.RawPath"
        },
        {
          "Source": "textures\\RAF\\Riverborn Argonian Female Skin 2K Vanilla\\textures\\actors\\character\\argonianfemale\\argonianfemalebody_s.dds",
          "Destination": "WornArmor.Armature[BodyTemplate.FirstPersonFlags.Invoke:HasFlag(BipedObjectFlag.Feet) && MatchRace(Race, AdditionalRaces, MatchDefault)].SkinTexture.Female.BacklightMaskOrSpecular.RawPath"
        },
        {
          "Source": "textures\\RAF\\Riverborn Argonian Female Skin 2K Vanilla\\textures\\actors\\character\\argonianfemale\\argonianfemalebody_s.dds",
          "Destination": "WornArmor.Armature[BodyTemplate.FirstPersonFlags.Invoke:HasFlag(BipedObjectFlag.Tail) && MatchRace(Race, AdditionalRaces, MatchDefault)].SkinTexture.Female.BacklightMaskOrSpecular.RawPath"
        }
      ],
      "AllowedBodyGenDescriptors": [],
      "AllowedBodyGenMatchMode": "All",
      "DisallowedBodyGenDescriptors": [],
      "DisallowedBodyGenMatchMode": "Any",
      "AllowedBodySlideDescriptors": [],
      "AllowedBodySlideMatchMode": "All",
      "DisallowedBodySlideDescriptors": [],
      "DisallowedBodySlideMatchMode": "Any",
      "WeightRange": {
        "Lower": 0,
        "Upper": 100
      },
      "Subgroups": [],
      "TopLevelSubgroupID": ""
    },
    {
      "ID": "HDi",
      "Name": "Hands Diffuse",
      "Enabled": true,
      "DistributionEnabled": true,
      "Notes": "",
      "AllowedRaces": [],
      "AllowedRaceGroupings": [],
      "DisallowedRaces": [],
      "DisallowedRaceGroupings": [],
      "AllowedAttributes": [],
      "DisallowedAttributes": [],
      "AllowUnique": true,
      "AllowNonUnique": true,
      "RequiredSubgroups": [],
      "ExcludedSubgroups": [],
      "AddKeywords": [],
      "ProbabilityWeighting": 1.0,
      "Paths": [
        {
          "Source": "textures\\RAF\\Riverborn Argonian Female Skin 2K Vanilla\\textures\\actors\\character\\argonianfemale\\argonianfemalehands.dds",
          "Destination": "WornArmor.Armature[BodyTemplate.FirstPersonFlags.Invoke:HasFlag(BipedObjectFlag.Hands) && MatchRace(Race, AdditionalRaces, MatchDefault)].SkinTexture.Female.Diffuse.RawPath"
        }
      ],
      "AllowedBodyGenDescriptors": [],
      "AllowedBodyGenMatchMode": "All",
      "DisallowedBodyGenDescriptors": [],
      "DisallowedBodyGenMatchMode": "Any",
      "AllowedBodySlideDescriptors": [],
      "AllowedBodySlideMatchMode": "All",
      "DisallowedBodySlideDescriptors": [],
      "DisallowedBodySlideMatchMode": "Any",
      "WeightRange": {
        "Lower": 0,
        "Upper": 100
      },
      "Subgroups": [],
      "TopLevelSubgroupID": ""
    },
    {
      "ID": "HNo",
      "Name": "Hands Normal",
      "Enabled": true,
      "DistributionEnabled": true,
      "Notes": "",
      "AllowedRaces": [],
      "AllowedRaceGroupings": [],
      "DisallowedRaces": [],
      "DisallowedRaceGroupings": [],
      "AllowedAttributes": [],
      "DisallowedAttributes": [],
      "AllowUnique": true,
      "AllowNonUnique": true,
      "RequiredSubgroups": [],
      "ExcludedSubgroups": [],
      "AddKeywords": [],
      "ProbabilityWeighting": 1.0,
      "Paths": [
        {
          "Source": "textures\\RAF\\Riverborn Argonian Female Skin 2K Vanilla\\textures\\actors\\character\\argonianfemale\\argonianfemalehands_msn.dds",
          "Destination": "WornArmor.Armature[BodyTemplate.FirstPersonFlags.Invoke:HasFlag(BipedObjectFlag.Hands) && MatchRace(Race, AdditionalRaces, MatchDefault)].SkinTexture.Female.NormalOrGloss.RawPath"
        }
      ],
      "AllowedBodyGenDescriptors": [],
      "AllowedBodyGenMatchMode": "All",
      "DisallowedBodyGenDescriptors": [],
      "DisallowedBodyGenMatchMode": "Any",
      "AllowedBodySlideDescriptors": [],
      "AllowedBodySlideMatchMode": "All",
      "DisallowedBodySlideDescriptors": [],
      "DisallowedBodySlideMatchMode": "Any",
      "WeightRange": {
        "Lower": 0,
        "Upper": 100
      },
      "Subgroups": [],
      "TopLevelSubgroupID": ""
    },
    {
      "ID": "HSp",
      "Name": "Hands Specular",
      "Enabled": true,
      "DistributionEnabled": true,
      "Notes": "",
      "AllowedRaces": [],
      "AllowedRaceGroupings": [],
      "DisallowedRaces": [],
      "DisallowedRaceGroupings": [],
      "AllowedAttributes": [],
      "DisallowedAttributes": [],
      "AllowUnique": true,
      "AllowNonUnique": true,
      "RequiredSubgroups": [],
      "ExcludedSubgroups": [],
      "AddKeywords": [],
      "ProbabilityWeighting": 1.0,
      "Paths": [
        {
          "Source": "textures\\RAF\\Riverborn Argonian Female Skin 2K Vanilla\\textures\\actors\\character\\argonianfemale\\argonianfemalehands_s.dds",
          "Destination": "WornArmor.Armature[BodyTemplate.FirstPersonFlags.Invoke:HasFlag(BipedObjectFlag.Hands) && MatchRace(Race, AdditionalRaces, MatchDefault)].SkinTexture.Female.BacklightMaskOrSpecular.RawPath"
        }
      ],
      "AllowedBodyGenDescriptors": [],
      "AllowedBodyGenMatchMode": "All",
      "DisallowedBodyGenDescriptors": [],
      "DisallowedBodyGenMatchMode": "Any",
      "AllowedBodySlideDescriptors": [],
      "AllowedBodySlideMatchMode": "All",
      "DisallowedBodySlideDescriptors": [],
      "DisallowedBodySlideMatchMode": "Any",
      "WeightRange": {
        "Lower": 0,
        "Upper": 100
      },
      "Subgroups": [],
      "TopLevelSubgroupID": ""
    }
  ],
  "DefaultRecordTemplate": "000801:Record Templates.esp",
  "AdditionalRecordTemplateAssignments": [
    {
      "Races": [
        "013745:Skyrim.esm",
        "088845:Skyrim.esm"
      ],
      "TemplateNPC": "000803:Record Templates.esp",
      "AdditionalRacesPaths": [
        "WornArmor.Armature[BodyTemplate.FirstPersonFlags.Invoke:HasFlag(BipedObjectFlag.Body) && PatchableRaces.Contains(Race)].AdditionalRaces",
        "WornArmor.Armature[BodyTemplate.FirstPersonFlags.Invoke:HasFlag(BipedObjectFlag.Hands) && PatchableRaces.Contains(Race)].AdditionalRaces",
        "WornArmor.Armature[BodyTemplate.FirstPersonFlags.Invoke:HasFlag(BipedObjectFlag.Feet) && PatchableRaces.Contains(Race)].AdditionalRaces",
        "WornArmor.Armature[BodyTemplate.FirstPersonFlags.Invoke:HasFlag(BipedObjectFlag.Tail) && PatchableRaces.Contains(Race)].AdditionalRaces"
      ]
    },
    {
      "Races": [
        "013740:Skyrim.esm",
        "08883A:Skyrim.esm"
      ],
      "TemplateNPC": "000805:Record Templates.esp",
      "AdditionalRacesPaths": [
        "WornArmor.Armature[BodyTemplate.FirstPersonFlags.Invoke:HasFlag(BipedObjectFlag.Body) && PatchableRaces.Contains(Race)].AdditionalRaces",
        "WornArmor.Armature[BodyTemplate.FirstPersonFlags.Invoke:HasFlag(BipedObjectFlag.Hands) && PatchableRaces.Contains(Race)].AdditionalRaces",
        "WornArmor.Armature[BodyTemplate.FirstPersonFlags.Invoke:HasFlag(BipedObjectFlag.Feet) && PatchableRaces.Contains(Race)].AdditionalRaces",
        "WornArmor.Armature[BodyTemplate.FirstPersonFlags.Invoke:HasFlag(BipedObjectFlag.Tail) && PatchableRaces.Contains(Race)].AdditionalRaces"
      ]
    }
  ],
  "AssociatedBodyGenConfigName": "",
  "ReplacerGroups": [],
  "DefaultRecordTemplateAdditionalRacesPaths": [
    "WornArmor.Armature[BodyTemplate.FirstPersonFlags.Invoke:HasFlag(BipedObjectFlag.Body) && PatchableRaces.Contains(Race)].AdditionalRaces",
    "WornArmor.Armature[BodyTemplate.FirstPersonFlags.Invoke:HasFlag(BipedObjectFlag.Hands) && PatchableRaces.Contains(Race)].AdditionalRaces",
    "WornArmor.Armature[BodyTemplate.FirstPersonFlags.Invoke:HasFlag(BipedObjectFlag.Feet) && PatchableRaces.Contains(Race)].AdditionalRaces"
  ],
  "AttributeGroups": [],
  "RaceGroupings": [
    {
      "Label": "Humanoid",
      "Races": [
        "013746:Skyrim.esm",
        "013741:Skyrim.esm",
        "013742:Skyrim.esm",
        "013743:Skyrim.esm",
        "013744:Skyrim.esm",
        "013747:Skyrim.esm",
        "013748:Skyrim.esm",
        "013749:Skyrim.esm",
        "067CD8:Skyrim.esm",
        "088794:Skyrim.esm",
        "08883C:Skyrim.esm",
        "08883D:Skyrim.esm",
        "088840:Skyrim.esm",
        "088844:Skyrim.esm",
        "0A82B9:Skyrim.esm",
        "088846:Skyrim.esm",
        "088884:Skyrim.esm",
        "0A82BA:Skyrim.esm",
        "07EAF3:Skyrim.esm",
        "097A3D:Skyrim.esm",
        "00377D:Dawnguard.esm",
        "00E88A:Dawnguard.esm"
      ]
    },
    {
      "Label": "Humanoid Playable",
      "Races": [
        "013746:Skyrim.esm",
        "013741:Skyrim.esm",
        "013742:Skyrim.esm",
        "013743:Skyrim.esm",
        "013744:Skyrim.esm",
        "013747:Skyrim.esm",
        "013748:Skyrim.esm",
        "013749:Skyrim.esm",
        "067CD8:Skyrim.esm",
        "088794:Skyrim.esm",
        "08883C:Skyrim.esm",
        "08883D:Skyrim.esm",
        "088840:Skyrim.esm",
        "088844:Skyrim.esm",
        "0A82B9:Skyrim.esm",
        "088846:Skyrim.esm",
        "088884:Skyrim.esm",
        "0A82BA:Skyrim.esm"
      ]
    },
    {
      "Label": "Humanoid Non-Vampire",
      "Races": [
        "013746:Skyrim.esm",
        "013741:Skyrim.esm",
        "013742:Skyrim.esm",
        "013743:Skyrim.esm",
        "013744:Skyrim.esm",
        "013747:Skyrim.esm",
        "013748:Skyrim.esm",
        "013749:Skyrim.esm",
        "067CD8:Skyrim.esm",
        "07EAF3:Skyrim.esm",
        "097A3D:Skyrim.esm",
        "00377D:Dawnguard.esm",
        "00E88A:Dawnguard.esm"
      ]
    },
    {
      "Label": "Humanoid Vampire",
      "Races": [
        "088794:Skyrim.esm",
        "08883C:Skyrim.esm",
        "08883D:Skyrim.esm",
        "088840:Skyrim.esm",
        "088844:Skyrim.esm",
        "0A82B9:Skyrim.esm",
        "088846:Skyrim.esm",
        "088884:Skyrim.esm",
        "0A82BA:Skyrim.esm"
      ]
    },
    {
      "Label": "Humanoid Young",
      "Races": [
        "013746:Skyrim.esm",
        "013741:Skyrim.esm",
        "013742:Skyrim.esm",
        "013743:Skyrim.esm",
        "013744:Skyrim.esm",
        "013747:Skyrim.esm",
        "013748:Skyrim.esm",
        "013749:Skyrim.esm",
        "088794:Skyrim.esm",
        "08883C:Skyrim.esm",
        "08883D:Skyrim.esm",
        "088840:Skyrim.esm",
        "088844:Skyrim.esm",
        "0A82B9:Skyrim.esm",
        "088846:Skyrim.esm",
        "088884:Skyrim.esm",
        "07EAF3:Skyrim.esm",
        "097A3D:Skyrim.esm",
        "00377D:Dawnguard.esm",
        "00E88A:Dawnguard.esm"
      ]
    },
    {
      "Label": "Humanoid Young Non-Vampire",
      "Races": [
        "013746:Skyrim.esm",
        "013741:Skyrim.esm",
        "013742:Skyrim.esm",
        "013743:Skyrim.esm",
        "013744:Skyrim.esm",
        "013747:Skyrim.esm",
        "013748:Skyrim.esm",
        "013749:Skyrim.esm",
        "07EAF3:Skyrim.esm",
        "097A3D:Skyrim.esm",
        "00377D:Dawnguard.esm",
        "00E88A:Dawnguard.esm"
      ]
    },
    {
      "Label": "Humanoid Young Vampire",
      "Races": [
        "088794:Skyrim.esm",
        "08883C:Skyrim.esm",
        "08883D:Skyrim.esm",
        "088840:Skyrim.esm",
        "088844:Skyrim.esm",
        "0A82B9:Skyrim.esm",
        "088846:Skyrim.esm",
        "088884:Skyrim.esm"
      ]
    },
    {
      "Label": "Elven",
      "Races": [
        "013742:Skyrim.esm",
        "013743:Skyrim.esm",
        "013749:Skyrim.esm",
        "08883D:Skyrim.esm",
        "088840:Skyrim.esm",
        "088884:Skyrim.esm",
        "00377D:Dawnguard.esm"
      ]
    },
    {
      "Label": "Elven Non-Vampire",
      "Races": [
        "013742:Skyrim.esm",
        "013743:Skyrim.esm",
        "013749:Skyrim.esm",
        "00377D:Dawnguard.esm"
      ]
    },
    {
      "Label": "Elven Vampire",
      "Races": [
        "08883D:Skyrim.esm",
        "088840:Skyrim.esm",
        "088884:Skyrim.esm"
      ]
    },
    {
      "Label": "Breton",
      "Races": [
        "013741:Skyrim.esm",
        "08883C:Skyrim.esm"
      ]
    },
    {
      "Label": "Dark Elf",
      "Races": [
        "013742:Skyrim.esm",
        "08883D:Skyrim.esm"
      ]
    },
    {
      "Label": "High Elf",
      "Races": [
        "013743:Skyrim.esm",
        "088840:Skyrim.esm"
      ]
    },
    {
      "Label": "Imperial",
      "Races": [
        "013744:Skyrim.esm",
        "088844:Skyrim.esm"
      ]
    },
    {
      "Label": "Nord",
      "Races": [
        "013746:Skyrim.esm",
        "088794:Skyrim.esm",
        "00E88A:Dawnguard.esm"
      ]
    },
    {
      "Label": "Orc",
      "Races": [
        "013747:Skyrim.esm",
        "0A82B9:Skyrim.esm"
      ]
    },
    {
      "Label": "Redguard",
      "Races": [
        "013748:Skyrim.esm",
        "088846:Skyrim.esm"
      ]
    },
    {
      "Label": "Wood Elf",
      "Races": [
        "013749:Skyrim.esm",
        "088884:Skyrim.esm"
      ]
    },
    {
      "Label": "Elder",
      "Races": [
        "067CD8:Skyrim.esm",
        "0A82BA:Skyrim.esm"
      ]
    },
    {
      "Label": "Khajiit",
      "Races": [
        "013745:Skyrim.esm",
        "088845:Skyrim.esm"
      ]
    },
    {
      "Label": "Argonian",
      "Races": [
        "013740:Skyrim.esm",
        "08883A:Skyrim.esm"
      ]
    }
  ],
  "DistributionRules": {
    "AllowedRaces": [],
    "AllowedRaceGroupings": [
      "Argonian"
    ],
    "DisallowedRaces": [],
    "DisallowedRaceGroupings": [],
    "AllowedAttributes": [],
    "DisallowedAttributes": [],
    "AllowUnique": true,
    "AllowNonUnique": true,
    "AddKeywords": [],
    "ProbabilityWeighting": 1.0,
    "AllowedBodyGenDescriptors": [],
    "AllowedBodyGenMatchMode": "All",
    "DisallowedBodyGenDescriptors": [],
    "DisallowedBodyGenMatchMode": "Any",
    "AllowedBodySlideDescriptors": [],
    "AllowedBodySlideMatchMode": "All",
    "DisallowedBodySlideDescriptors": [],
    "DisallowedBodySlideMatchMode": "Any",
    "WeightRange": {
      "Lower": 0,
      "Upper": 100
    }
  },
  "AssociatedBsaModKeys": []
}