{
  "GroupName": "Flawn's Argonians 4k CBBE",
  "ShortName": "FLAWN",
  "ConfigType": "Primary",
  "Gender": "Female",
  "DisplayAlerts": true,
  "UserAlert": "",
  "Subgroups": [
    {
      "ID": "HD",
      "Name": "Head Diffuse",
      "Enabled": true,
      "DistributionEnabled": true,
      "Notes": "",
      "AllowedRaces": [],
      "AllowedRaceGroupings": [],
      "DisallowedRaces": [],
      "DisallowedRaceGroupings": [],
      "AllowedAttributes": [],
      "DisallowedAttributes": [],
      "AllowUnique": true,
      "AllowNonUnique": true,
      "RequiredSubgroups": [],
      "ExcludedSubgroups": [],
      "AddKeywords": [],
      "ProbabilityWeighting": 1.0,
      "Paths": [],
      "AllowedBodyGenDescriptors": [],
      "AllowedBodyGenMatchMode": "All",
      "DisallowedBodyGenDescriptors": [],
      "DisallowedBodyGenMatchMode": "Any",
      "AllowedBodySlideDescriptors": [],
      "AllowedBodySlideMatchMode": "All",
      "DisallowedBodySlideDescriptors": [],
      "DisallowedBodySlideMatchMode": "Any",
      "WeightRange": {
        "Lower": 0,
        "Upper": 100
      },
      "Subgroups": [
        {
          "ID": "HD.D",
          "Name": "Default",
          "Enabled": true,
          "DistributionEnabled": true,
          "Notes": "",
          "AllowedRaces": [],
          "AllowedRaceGroupings": [],
          "DisallowedRaces": [],
          "DisallowedRaceGroupings": [],
          "AllowedAttributes": [],
          "DisallowedAttributes": [],
          "AllowUnique": true,
          "AllowNonUnique": true,
          "RequiredSubgroups": [],
          "ExcludedSubgroups": [],
          "AddKeywords": [],
          "ProbabilityWeighting": 1.0,
          "Paths": [
            {
              "Source": "textures\\FLAWN\\Flawn's Argonians 1.0 4k compressed\\3_FFACE_D\\data\\textures\\actors\\character\\argonianfemale\\argonianfemalehead.dds",
              "Destination": "HeadTexture.Diffuse.RawPath"
            }
          ],
          "AllowedBodyGenDescriptors": [],
          "AllowedBodyGenMatchMode": "All",
          "DisallowedBodyGenDescriptors": [],
          "DisallowedBodyGenMatchMode": "Any",
          "AllowedBodySlideDescriptors": [],
          "AllowedBodySlideMatchMode": "All",
          "DisallowedBodySlideDescriptors": [],
          "DisallowedBodySlideMatchMode": "Any",
          "WeightRange": {
            "Lower": 0,
            "Upper": 100
          },
          "Subgroups": [],
          "TopLevelSubgroupID": ""
        },
        {
          "ID": "HD.A",
          "Name": "Alternate",
          "Enabled": true,
          "DistributionEnabled": true,
          "Notes": "",
          "AllowedRaces": [],
          "AllowedRaceGroupings": [],
          "DisallowedRaces": [],
          "DisallowedRaceGroupings": [],
          "AllowedAttributes": [],
          "DisallowedAttributes": [],
          "AllowUnique": true,
          "AllowNonUnique": true,
          "RequiredSubgroups": [
            "HN.A"
          ],
          "ExcludedSubgroups": [],
          "AddKeywords": [],
          "ProbabilityWeighting": 1.0,
          "Paths": [
            {
              "Source": "textures\\FLAWN\\Flawn's Argonians 1.0 4k compressed\\3_FFACEalt_D\\data\\textures\\actors\\character\\argonianfemale\\argonianfemalehead.dds",
              "Destination": "HeadTexture.Diffuse.RawPath"
            }
          ],
          "AllowedBodyGenDescriptors": [],
          "AllowedBodyGenMatchMode": "All",
          "DisallowedBodyGenDescriptors": [],
          "DisallowedBodyGenMatchMode": "Any",
          "AllowedBodySlideDescriptors": [],
          "AllowedBodySlideMatchMode": "All",
          "DisallowedBodySlideDescriptors": [],
          "DisallowedBodySlideMatchMode": "Any",
          "WeightRange": {
            "Lower": 0,
            "Upper": 100
          },
          "Subgroups": [],
          "TopLevelSubgroupID": ""
        }
      ],
      "TopLevelSubgroupID": ""
    },
    {
      "ID": "HN",
      "Name": "Head Normal",
      "Enabled": true,
      "DistributionEnabled": true,
      "Notes": "",
      "AllowedRaces": [],
      "AllowedRaceGroupings": [],
      "DisallowedRaces": [],
      "DisallowedRaceGroupings": [],
      "AllowedAttributes": [],
      "DisallowedAttributes": [],
      "AllowUnique": true,
      "AllowNonUnique": true,
      "RequiredSubgroups": [],
      "ExcludedSubgroups": [],
      "AddKeywords": [],
      "ProbabilityWeighting": 1.0,
      "Paths": [],
      "AllowedBodyGenDescriptors": [],
      "AllowedBodyGenMatchMode": "All",
      "DisallowedBodyGenDescriptors": [],
      "DisallowedBodyGenMatchMode": "Any",
      "AllowedBodySlideDescriptors": [],
      "AllowedBodySlideMatchMode": "All",
      "DisallowedBodySlideDescriptors": [],
      "DisallowedBodySlideMatchMode": "Any",
      "WeightRange": {
        "Lower": 0,
        "Upper": 100
      },
      "Subgroups": [
        {
          "ID": "HN.D",
          "Name": "Default",
          "Enabled": true,
          "DistributionEnabled": true,
          "Notes": "",
          "AllowedRaces": [],
          "AllowedRaceGroupings": [],
          "DisallowedRaces": [],
          "DisallowedRaceGroupings": [],
          "AllowedAttributes": [],
          "DisallowedAttributes": [],
          "AllowUnique": true,
          "AllowNonUnique": true,
          "RequiredSubgroups": [
            "HD.D",
            "BD.D",
            "BN.D",
            "BS.D",
            "HSp.De"
          ],
          "ExcludedSubgroups": [],
          "AddKeywords": [],
          "ProbabilityWeighting": 1.0,
          "Paths": [
            {
              "Source": "textures\\FLAWN\\Flawn's Argonians 1.0 4k compressed\\3_FFACE_MSN\\data\\textures\\actors\\character\\argonianfemale\\argonianfemalehead_msn.dds",
              "Destination": "HeadTexture.NormalOrGloss.RawPath"
            }
          ],
          "AllowedBodyGenDescriptors": [],
          "AllowedBodyGenMatchMode": "All",
          "DisallowedBodyGenDescriptors": [],
          "DisallowedBodyGenMatchMode": "Any",
          "AllowedBodySlideDescriptors": [],
          "AllowedBodySlideMatchMode": "All",
          "DisallowedBodySlideDescriptors": [],
          "DisallowedBodySlideMatchMode": "Any",
          "WeightRange": {
            "Lower": 0,
            "Upper": 100
          },
          "Subgroups": [],
          "TopLevelSubgroupID": ""
        },
        {
          "ID": "HN.A",
          "Name": "Alternate",
          "Enabled": true,
          "DistributionEnabled": true,
          "Notes": "",
          "AllowedRaces": [],
          "AllowedRaceGroupings": [],
          "DisallowedRaces": [],
          "DisallowedRaceGroupings": [],
          "AllowedAttributes": [],
          "DisallowedAttributes": [],
          "AllowUnique": true,
          "AllowNonUnique": true,
          "RequiredSubgroups": [
            "HD.A"
          ],
          "ExcludedSubgroups": [],
          "AddKeywords": [],
          "ProbabilityWeighting": 1.0,
          "Paths": [
            {
              "Source": "textures\\FLAWN\\Flawn's Argonians 1.0 4k compressed\\3_FFACEalt_MSN\\data\\textures\\actors\\character\\argonianfemale\\argonianfemalehead_msn.dds",
              "Destination": "HeadTexture.NormalOrGloss.RawPath"
            }
          ],
          "AllowedBodyGenDescriptors": [],
          "AllowedBodyGenMatchMode": "All",
          "DisallowedBodyGenDescriptors": [],
          "DisallowedBodyGenMatchMode": "Any",
          "AllowedBodySlideDescriptors": [],
          "AllowedBodySlideMatchMode": "All",
          "DisallowedBodySlideDescriptors": [],
          "DisallowedBodySlideMatchMode": "Any",
          "WeightRange": {
            "Lower": 0,
            "Upper": 100
          },
          "Subgroups": [],
          "TopLevelSubgroupID": ""
        }
      ],
      "TopLevelSubgroupID": ""
    },
    {
      "ID": "HS",
      "Name": "Head Specular",
      "Enabled": true,
      "DistributionEnabled": true,
      "Notes": "",
      "AllowedRaces": [],
      "AllowedRaceGroupings": [],
      "DisallowedRaces": [],
      "DisallowedRaceGroupings": [],
      "AllowedAttributes": [],
      "DisallowedAttributes": [],
      "AllowUnique": true,
      "AllowNonUnique": true,
      "RequiredSubgroups": [],
      "ExcludedSubgroups": [],
      "AddKeywords": [],
      "ProbabilityWeighting": 1.0,
      "Paths": [],
      "AllowedBodyGenDescriptors": [],
      "AllowedBodyGenMatchMode": "All",
      "DisallowedBodyGenDescriptors": [],
      "DisallowedBodyGenMatchMode": "Any",
      "AllowedBodySlideDescriptors": [],
      "AllowedBodySlideMatchMode": "All",
      "DisallowedBodySlideDescriptors": [],
      "DisallowedBodySlideMatchMode": "Any",
      "WeightRange": {
        "Lower": 0,
        "Upper": 100
      },
      "Subgroups": [
        {
          "ID": "HS.De",
          "Name": "Default",
          "Enabled": true,
          "DistributionEnabled": true,
          "Notes": "",
          "AllowedRaces": [],
          "AllowedRaceGroupings": [],
          "DisallowedRaces": [],
          "DisallowedRaceGroupings": [],
          "AllowedAttributes": [],
          "DisallowedAttributes": [],
          "AllowUnique": true,
          "AllowNonUnique": true,
          "RequiredSubgroups": [
            "HD.D",
            "HSp.De"
          ],
          "ExcludedSubgroups": [],
          "AddKeywords": [],
          "ProbabilityWeighting": 1.0,
          "Paths": [
            {
              "Source": "textures\\FLAWN\\Flawn's Argonians 1.0 4k compressed\\0_MAIN_D\\Data\\Textures\\Actors\\Character\\argonianfemale\\argonianfemalehead_s.dds",
              "Destination": "HeadTexture.BacklightMaskOrSpecular.RawPath"
            }
          ],
          "AllowedBodyGenDescriptors": [],
          "AllowedBodyGenMatchMode": "All",
          "DisallowedBodyGenDescriptors": [],
          "DisallowedBodyGenMatchMode": "Any",
          "AllowedBodySlideDescriptors": [],
          "AllowedBodySlideMatchMode": "All",
          "DisallowedBodySlideDescriptors": [],
          "DisallowedBodySlideMatchMode": "Any",
          "WeightRange": {
            "Lower": 0,
            "Upper": 100
          },
          "Subgroups": [],
          "TopLevelSubgroupID": ""
        },
        {
          "ID": "HS.D",
          "Name": "Dull",
          "Enabled": true,
          "DistributionEnabled": true,
          "Notes": "",
          "AllowedRaces": [],
          "AllowedRaceGroupings": [],
          "DisallowedRaces": [],
          "DisallowedRaceGroupings": [],
          "AllowedAttributes": [],
          "DisallowedAttributes": [],
          "AllowUnique": true,
          "AllowNonUnique": true,
          "RequiredSubgroups": [
            "BS.Du",
            "HSp.D"
          ],
          "ExcludedSubgroups": [],
          "AddKeywords": [],
          "ProbabilityWeighting": 1.0,
          "Paths": [
            {
              "Source": "textures\\FDuS\\Dull Speculars 0.1\\Data\\Textures\\Actors\\Character\\argonianfemale\\argonianfemalehead_s.dds",
              "Destination": "HeadTexture.BacklightMaskOrSpecular.RawPath"
            }
          ],
          "AllowedBodyGenDescriptors": [],
          "AllowedBodyGenMatchMode": "All",
          "DisallowedBodyGenDescriptors": [],
          "DisallowedBodyGenMatchMode": "Any",
          "AllowedBodySlideDescriptors": [],
          "AllowedBodySlideMatchMode": "All",
          "DisallowedBodySlideDescriptors": [],
          "DisallowedBodySlideMatchMode": "Any",
          "WeightRange": {
            "Lower": 0,
            "Upper": 100
          },
          "Subgroups": [],
          "TopLevelSubgroupID": ""
        }
      ],
      "TopLevelSubgroupID": ""
    },
    {
      "ID": "HDe",
      "Name": "Head Detail",
      "Enabled": true,
      "DistributionEnabled": true,
      "Notes": "",
      "AllowedRaces": [],
      "AllowedRaceGroupings": [],
      "DisallowedRaces": [],
      "DisallowedRaceGroupings": [],
      "AllowedAttributes": [],
      "DisallowedAttributes": [],
      "AllowUnique": true,
      "AllowNonUnique": true,
      "RequiredSubgroups": [],
      "ExcludedSubgroups": [],
      "AddKeywords": [],
      "ProbabilityWeighting": 1.0,
      "Paths": [],
      "AllowedBodyGenDescriptors": [],
      "AllowedBodyGenMatchMode": "All",
      "DisallowedBodyGenDescriptors": [],
      "DisallowedBodyGenMatchMode": "Any",
      "AllowedBodySlideDescriptors": [],
      "AllowedBodySlideMatchMode": "All",
      "DisallowedBodySlideDescriptors": [],
      "DisallowedBodySlideMatchMode": "Any",
      "WeightRange": {
        "Lower": 0,
        "Upper": 100
      },
      "Subgroups": [
        {
          "ID": "HDe.Old",
          "Name": "Old",
          "Enabled": true,
          "DistributionEnabled": true,
          "Notes": "",
          "AllowedRaces": [],
          "AllowedRaceGroupings": [],
          "DisallowedRaces": [],
          "DisallowedRaceGroupings": [],
          "AllowedAttributes": [],
          "DisallowedAttributes": [],
          "AllowUnique": true,
          "AllowNonUnique": true,
          "RequiredSubgroups": [],
          "ExcludedSubgroups": [],
          "AddKeywords": [],
          "ProbabilityWeighting": 1.0,
          "Paths": [
            {
              "Source": "textures\\FLAWN\\Flawn's Argonians 1.0 4k compressed\\0_MAIN_D\\Data\\Textures\\Actors\\Character\\argonianfemale\\argonianfemaleheadold.dds",
              "Destination": "HeadTexture.Height.RawPath"
            }
          ],
          "AllowedBodyGenDescriptors": [],
          "AllowedBodyGenMatchMode": "All",
          "DisallowedBodyGenDescriptors": [],
          "DisallowedBodyGenMatchMode": "Any",
          "AllowedBodySlideDescriptors": [],
          "AllowedBodySlideMatchMode": "All",
          "DisallowedBodySlideDescriptors": [],
          "DisallowedBodySlideMatchMode": "Any",
          "WeightRange": {
            "Lower": 0,
            "Upper": 100
          },
          "Subgroups": [],
          "TopLevelSubgroupID": ""
        }
      ],
      "TopLevelSubgroupID": ""
    },
    {
      "ID": "BD",
      "Name": "Body Diffuse",
      "Enabled": true,
      "DistributionEnabled": true,
      "Notes": "",
      "AllowedRaces": [],
      "AllowedRaceGroupings": [],
      "DisallowedRaces": [],
      "DisallowedRaceGroupings": [],
      "AllowedAttributes": [],
      "DisallowedAttributes": [],
      "AllowUnique": true,
      "AllowNonUnique": true,
      "RequiredSubgroups": [],
      "ExcludedSubgroups": [],
      "AddKeywords": [],
      "ProbabilityWeighting": 1.0,
      "Paths": [],
      "AllowedBodyGenDescriptors": [],
      "AllowedBodyGenMatchMode": "All",
      "DisallowedBodyGenDescriptors": [],
      "DisallowedBodyGenMatchMode": "Any",
      "AllowedBodySlideDescriptors": [],
      "AllowedBodySlideMatchMode": "All",
      "DisallowedBodySlideDescriptors": [],
      "DisallowedBodySlideMatchMode": "Any",
      "WeightRange": {
        "Lower": 0,
        "Upper": 100
      },
      "Subgroups": [
        {
          "ID": "BD.D",
          "Name": "Default",
          "Enabled": true,
          "DistributionEnabled": true,
          "Notes": "",
          "AllowedRaces": [],
          "AllowedRaceGroupings": [],
          "DisallowedRaces": [],
          "DisallowedRaceGroupings": [],
          "AllowedAttributes": [],
          "DisallowedAttributes": [],
          "AllowUnique": true,
          "AllowNonUnique": true,
          "RequiredSubgroups": [
            "BN.D",
            "BS.D"
          ],
          "ExcludedSubgroups": [],
          "AddKeywords": [],
          "ProbabilityWeighting": 1.0,
          "Paths": [
            {
              "Source": "textures\\FLAWN\\Flawn's Argonians - CBBE Patch 1.0 4k compressed\\CBBE_D\\data\\textures\\actors\\character\\argonianfemale\\argonianfemalebody.dds",
              "Destination": "WornArmor.Armature[BodyTemplate.FirstPersonFlags.Invoke:HasFlag(BipedObjectFlag.Body) && MatchRace(Race, AdditionalRaces, MatchDefault)].SkinTexture.Female.Diffuse.RawPath"
            },
            {
              "Source": "textures\\FLAWN\\Flawn's Argonians - CBBE Patch 1.0 4k compressed\\FEET Human_D\\data\\textures\\actors\\character\\argonianfemale\\argonianfemaleTail.dds",
              "Destination": "WornArmor.Armature[BodyTemplate.FirstPersonFlags.Invoke:HasFlag(BipedObjectFlag.Feet) && MatchRace(Race, AdditionalRaces, MatchDefault)].SkinTexture.Female.Diffuse.RawPath"
            },
            {
              "Source": "textures\\FLAWN\\Flawn's Argonians - CBBE Patch 1.0 4k compressed\\FEET Human_D\\data\\textures\\actors\\character\\argonianfemale\\argonianfemaleTail.dds",
              "Destination": "WornArmor.Armature[BodyTemplate.FirstPersonFlags.Invoke:HasFlag(BipedObjectFlag.Tail) && MatchRace(Race, AdditionalRaces, MatchDefault)].SkinTexture.Female.Diffuse.RawPath"
            }
          ],
          "AllowedBodyGenDescriptors": [],
          "AllowedBodyGenMatchMode": "All",
          "DisallowedBodyGenDescriptors": [],
          "DisallowedBodyGenMatchMode": "Any",
          "AllowedBodySlideDescriptors": [],
          "AllowedBodySlideMatchMode": "All",
          "DisallowedBodySlideDescriptors": [],
          "DisallowedBodySlideMatchMode": "Any",
          "WeightRange": {
            "Lower": 0,
            "Upper": 100
          },
          "Subgroups": [],
          "TopLevelSubgroupID": ""
        },
        {
          "ID": "BD.NN",
          "Name": "No Nipples",
          "Enabled": true,
          "DistributionEnabled": true,
          "Notes": "",
          "AllowedRaces": [],
          "AllowedRaceGroupings": [],
          "DisallowedRaces": [],
          "DisallowedRaceGroupings": [],
          "AllowedAttributes": [],
          "DisallowedAttributes": [],
          "AllowUnique": true,
          "AllowNonUnique": true,
          "RequiredSubgroups": [
            "BS.NN",
            "BN.NN"
          ],
          "ExcludedSubgroups": [],
          "AddKeywords": [],
          "ProbabilityWeighting": 1.0,
          "Paths": [
            {
              "Source": "textures\\FLAWN\\Flawn's Argonians - CBBE Patch 1.0 4k compressed\\CBBE no-nipple_D\\data\\textures\\actors\\character\\argonianfemale\\argonianfemalebody.dds",
              "Destination": "WornArmor.Armature[BodyTemplate.FirstPersonFlags.Invoke:HasFlag(BipedObjectFlag.Body) && MatchRace(Race, AdditionalRaces, MatchDefault)].SkinTexture.Female.Diffuse.RawPath"
            },
            {
              "Source": "textures\\FLAWN\\Flawn's Argonians - CBBE Patch 1.0 4k compressed\\FEET Human_D\\data\\textures\\actors\\character\\argonianfemale\\argonianfemaleTail.dds",
              "Destination": "WornArmor.Armature[BodyTemplate.FirstPersonFlags.Invoke:HasFlag(BipedObjectFlag.Feet) && MatchRace(Race, AdditionalRaces, MatchDefault)].SkinTexture.Female.Diffuse.RawPath"
            },
            {
              "Source": "textures\\FLAWN\\Flawn's Argonians - CBBE Patch 1.0 4k compressed\\FEET Human_D\\data\\textures\\actors\\character\\argonianfemale\\argonianfemaleTail.dds",
              "Destination": "WornArmor.Armature[BodyTemplate.FirstPersonFlags.Invoke:HasFlag(BipedObjectFlag.Tail) && MatchRace(Race, AdditionalRaces, MatchDefault)].SkinTexture.Female.Diffuse.RawPath"
            }
          ],
          "AllowedBodyGenDescriptors": [],
          "AllowedBodyGenMatchMode": "All",
          "DisallowedBodyGenDescriptors": [],
          "DisallowedBodyGenMatchMode": "Any",
          "AllowedBodySlideDescriptors": [],
          "AllowedBodySlideMatchMode": "All",
          "DisallowedBodySlideDescriptors": [],
          "DisallowedBodySlideMatchMode": "Any",
          "WeightRange": {
            "Lower": 0,
            "Upper": 100
          },
          "Subgroups": [],
          "TopLevelSubgroupID": ""
        },
        {
          "ID": "BD.RS",
          "Name": "Really Smooth",
          "Enabled": true,
          "DistributionEnabled": true,
          "Notes": "",
          "AllowedRaces": [],
          "AllowedRaceGroupings": [],
          "DisallowedRaces": [],
          "DisallowedRaceGroupings": [],
          "AllowedAttributes": [],
          "DisallowedAttributes": [],
          "AllowUnique": true,
          "AllowNonUnique": true,
          "RequiredSubgroups": [
            "BN.RS",
            "BS.RS"
          ],
          "ExcludedSubgroups": [],
          "AddKeywords": [],
          "ProbabilityWeighting": 1.0,
          "Paths": [
            {
              "Source": "textures\\FLAWN\\Flawn's Argonians - CBBE Patch 1.0 4k compressed\\CBBE Really Smooth_D\\data\\textures\\actors\\character\\argonianfemale\\argonianfemalebody.dds",
              "Destination": "WornArmor.Armature[BodyTemplate.FirstPersonFlags.Invoke:HasFlag(BipedObjectFlag.Body) && MatchRace(Race, AdditionalRaces, MatchDefault)].SkinTexture.Female.Diffuse.RawPath"
            },
            {
              "Source": "textures\\FLAWN\\Flawn's Argonians - CBBE Patch 1.0 4k compressed\\FEET Human_D\\data\\textures\\actors\\character\\argonianfemale\\argonianfemaleTail.dds",
              "Destination": "WornArmor.Armature[BodyTemplate.FirstPersonFlags.Invoke:HasFlag(BipedObjectFlag.Feet) && MatchRace(Race, AdditionalRaces, MatchDefault)].SkinTexture.Female.Diffuse.RawPath"
            },
            {
              "Source": "textures\\FLAWN\\Flawn's Argonians - CBBE Patch 1.0 4k compressed\\FEET Human_D\\data\\textures\\actors\\character\\argonianfemale\\argonianfemaleTail.dds",
              "Destination": "WornArmor.Armature[BodyTemplate.FirstPersonFlags.Invoke:HasFlag(BipedObjectFlag.Tail) && MatchRace(Race, AdditionalRaces, MatchDefault)].SkinTexture.Female.Diffuse.RawPath"
            }
          ],
          "AllowedBodyGenDescriptors": [],
          "AllowedBodyGenMatchMode": "All",
          "DisallowedBodyGenDescriptors": [],
          "DisallowedBodyGenMatchMode": "Any",
          "AllowedBodySlideDescriptors": [],
          "AllowedBodySlideMatchMode": "All",
          "DisallowedBodySlideDescriptors": [],
          "DisallowedBodySlideMatchMode": "Any",
          "WeightRange": {
            "Lower": 0,
            "Upper": 100
          },
          "Subgroups": [],
          "TopLevelSubgroupID": ""
        }
      ],
      "TopLevelSubgroupID": ""
    },
    {
      "ID": "BN",
      "Name": "Body Normal",
      "Enabled": true,
      "DistributionEnabled": true,
      "Notes": "",
      "AllowedRaces": [],
      "AllowedRaceGroupings": [],
      "DisallowedRaces": [],
      "DisallowedRaceGroupings": [],
      "AllowedAttributes": [],
      "DisallowedAttributes": [],
      "AllowUnique": true,
      "AllowNonUnique": true,
      "RequiredSubgroups": [],
      "ExcludedSubgroups": [],
      "AddKeywords": [],
      "ProbabilityWeighting": 1.0,
      "Paths": [],
      "AllowedBodyGenDescriptors": [],
      "AllowedBodyGenMatchMode": "All",
      "DisallowedBodyGenDescriptors": [],
      "DisallowedBodyGenMatchMode": "Any",
      "AllowedBodySlideDescriptors": [],
      "AllowedBodySlideMatchMode": "All",
      "DisallowedBodySlideDescriptors": [],
      "DisallowedBodySlideMatchMode": "Any",
      "WeightRange": {
        "Lower": 0,
        "Upper": 100
      },
      "Subgroups": [
        {
          "ID": "BN.D",
          "Name": "Default",
          "Enabled": true,
          "DistributionEnabled": true,
          "Notes": "",
          "AllowedRaces": [],
          "AllowedRaceGroupings": [],
          "DisallowedRaces": [],
          "DisallowedRaceGroupings": [],
          "AllowedAttributes": [],
          "DisallowedAttributes": [],
          "AllowUnique": true,
          "AllowNonUnique": true,
          "RequiredSubgroups": [
            "BD.D",
            "BS.D"
          ],
          "ExcludedSubgroups": [],
          "AddKeywords": [],
          "ProbabilityWeighting": 1.0,
          "Paths": [
            {
              "Source": "textures\\FLAWN\\Flawn's Argonians - CBBE Patch 1.0 4k compressed\\CBBE_MSN\\data\\textures\\actors\\character\\argonianfemale\\argonianfemalebody_msn.dds",
              "Destination": "WornArmor.Armature[BodyTemplate.FirstPersonFlags.Invoke:HasFlag(BipedObjectFlag.Body) && MatchRace(Race, AdditionalRaces, MatchDefault)].SkinTexture.Female.NormalOrGloss.RawPath"
            },
            {
              "Source": "textures\\FLAWN\\Flawn's Argonians - CBBE Patch 1.0 4k compressed\\FEET Human_MSN\\data\\textures\\actors\\character\\argonianfemale\\argonianfemaleTail_msn.dds",
              "Destination": "WornArmor.Armature[BodyTemplate.FirstPersonFlags.Invoke:HasFlag(BipedObjectFlag.Feet) && MatchRace(Race, AdditionalRaces, MatchDefault)].SkinTexture.Female.NormalOrGloss.RawPath"
            },
            {
              "Source": "textures\\FLAWN\\Flawn's Argonians - CBBE Patch 1.0 4k compressed\\FEET Human_MSN\\data\\textures\\actors\\character\\argonianfemale\\argonianfemaleTail_msn.dds",
              "Destination": "WornArmor.Armature[BodyTemplate.FirstPersonFlags.Invoke:HasFlag(BipedObjectFlag.Tail) && MatchRace(Race, AdditionalRaces, MatchDefault)].SkinTexture.Female.NormalOrGloss.RawPath"
            }
          ],
          "AllowedBodyGenDescriptors": [],
          "AllowedBodyGenMatchMode": "All",
          "DisallowedBodyGenDescriptors": [],
          "DisallowedBodyGenMatchMode": "Any",
          "AllowedBodySlideDescriptors": [],
          "AllowedBodySlideMatchMode": "All",
          "DisallowedBodySlideDescriptors": [],
          "DisallowedBodySlideMatchMode": "Any",
          "WeightRange": {
            "Lower": 0,
            "Upper": 100
          },
          "Subgroups": [],
          "TopLevelSubgroupID": ""
        },
        {
          "ID": "BN.NN",
          "Name": "No Nipples",
          "Enabled": true,
          "DistributionEnabled": true,
          "Notes": "",
          "AllowedRaces": [],
          "AllowedRaceGroupings": [],
          "DisallowedRaces": [],
          "DisallowedRaceGroupings": [],
          "AllowedAttributes": [],
          "DisallowedAttributes": [],
          "AllowUnique": true,
          "AllowNonUnique": true,
          "RequiredSubgroups": [
            "BD.NN",
            "BS.NN"
          ],
          "ExcludedSubgroups": [],
          "AddKeywords": [],
          "ProbabilityWeighting": 1.0,
          "Paths": [
            {
              "Source": "textures\\FLAWN\\Flawn's Argonians - CBBE Patch 1.0 4k compressed\\CBBE no-nipple_MSN\\data\\textures\\actors\\character\\argonianfemale\\argonianfemalebody_msn.dds",
              "Destination": "WornArmor.Armature[BodyTemplate.FirstPersonFlags.Invoke:HasFlag(BipedObjectFlag.Body) && MatchRace(Race, AdditionalRaces, MatchDefault)].SkinTexture.Female.NormalOrGloss.RawPath"
            },
            {
              "Source": "textures\\FLAWN\\Flawn's Argonians - CBBE Patch 1.0 4k compressed\\FEET Human_MSN\\data\\textures\\actors\\character\\argonianfemale\\argonianfemaleTail_msn.dds",
              "Destination": "WornArmor.Armature[BodyTemplate.FirstPersonFlags.Invoke:HasFlag(BipedObjectFlag.Feet) && MatchRace(Race, AdditionalRaces, MatchDefault)].SkinTexture.Female.NormalOrGloss.RawPath"
            },
            {
              "Source": "textures\\FLAWN\\Flawn's Argonians - CBBE Patch 1.0 4k compressed\\FEET Human_MSN\\data\\textures\\actors\\character\\argonianfemale\\argonianfemaleTail_msn.dds",
              "Destination": "WornArmor.Armature[BodyTemplate.FirstPersonFlags.Invoke:HasFlag(BipedObjectFlag.Tail) && MatchRace(Race, AdditionalRaces, MatchDefault)].SkinTexture.Female.NormalOrGloss.RawPath"
            }
          ],
          "AllowedBodyGenDescriptors": [],
          "AllowedBodyGenMatchMode": "All",
          "DisallowedBodyGenDescriptors": [],
          "DisallowedBodyGenMatchMode": "Any",
          "AllowedBodySlideDescriptors": [],
          "AllowedBodySlideMatchMode": "All",
          "DisallowedBodySlideDescriptors": [],
          "DisallowedBodySlideMatchMode": "Any",
          "WeightRange": {
            "Lower": 0,
            "Upper": 100
          },
          "Subgroups": [],
          "TopLevelSubgroupID": ""
        },
        {
          "ID": "BN.RS",
          "Name": "Really Smooth",
          "Enabled": true,
          "DistributionEnabled": true,
          "Notes": "",
          "AllowedRaces": [],
          "AllowedRaceGroupings": [],
          "DisallowedRaces": [],
          "DisallowedRaceGroupings": [],
          "AllowedAttributes": [],
          "DisallowedAttributes": [],
          "AllowUnique": true,
          "AllowNonUnique": true,
          "RequiredSubgroups": [
            "BD.RS",
            "BS.RS"
          ],
          "ExcludedSubgroups": [],
          "AddKeywords": [],
          "ProbabilityWeighting": 1.0,
          "Paths": [
            {
              "Source": "textures\\FLAWN\\Flawn's Argonians - CBBE Patch 1.0 4k compressed\\CBBE Really Smooth_MSN\\data\\textures\\actors\\character\\argonianfemale\\argonianfemalebody_msn.dds",
              "Destination": "WornArmor.Armature[BodyTemplate.FirstPersonFlags.Invoke:HasFlag(BipedObjectFlag.Body) && MatchRace(Race, AdditionalRaces, MatchDefault)].SkinTexture.Female.NormalOrGloss.RawPath"
            },
            {
              "Source": "textures\\FLAWN\\Flawn's Argonians - CBBE Patch 1.0 4k compressed\\FEET Human_MSN\\data\\textures\\actors\\character\\argonianfemale\\argonianfemaleTail_msn.dds",
              "Destination": "WornArmor.Armature[BodyTemplate.FirstPersonFlags.Invoke:HasFlag(BipedObjectFlag.Feet) && MatchRace(Race, AdditionalRaces, MatchDefault)].SkinTexture.Female.NormalOrGloss.RawPath"
            },
            {
              "Source": "textures\\FLAWN\\Flawn's Argonians - CBBE Patch 1.0 4k compressed\\FEET Human_MSN\\data\\textures\\actors\\character\\argonianfemale\\argonianfemaleTail_msn.dds",
              "Destination": "WornArmor.Armature[BodyTemplate.FirstPersonFlags.Invoke:HasFlag(BipedObjectFlag.Tail) && MatchRace(Race, AdditionalRaces, MatchDefault)].SkinTexture.Female.NormalOrGloss.RawPath"
            }
          ],
          "AllowedBodyGenDescriptors": [],
          "AllowedBodyGenMatchMode": "All",
          "DisallowedBodyGenDescriptors": [],
          "DisallowedBodyGenMatchMode": "Any",
          "AllowedBodySlideDescriptors": [],
          "AllowedBodySlideMatchMode": "All",
          "DisallowedBodySlideDescriptors": [],
          "DisallowedBodySlideMatchMode": "Any",
          "WeightRange": {
            "Lower": 0,
            "Upper": 100
          },
          "Subgroups": [],
          "TopLevelSubgroupID": ""
        },
        {
          "ID": "BN.A",
          "Name": "Athletic",
          "Enabled": true,
          "DistributionEnabled": true,
          "Notes": "",
          "AllowedRaces": [],
          "AllowedRaceGroupings": [],
          "DisallowedRaces": [],
          "DisallowedRaceGroupings": [],
          "AllowedAttributes": [],
          "DisallowedAttributes": [],
          "AllowUnique": true,
          "AllowNonUnique": true,
          "RequiredSubgroups": [],
          "ExcludedSubgroups": [],
          "AddKeywords": [],
          "ProbabilityWeighting": 1.0,
          "Paths": [
            {
              "Source": "textures\\FMUSC\\Flawn's Argonians - Muscles 1.0\\CBBE athletic\\data\\textures\\actors\\character\\argonianfemale\\argonianfemalebody_msn.dds",
              "Destination": "WornArmor.Armature[BodyTemplate.FirstPersonFlags.Invoke:HasFlag(BipedObjectFlag.Body) && MatchRace(Race, AdditionalRaces, MatchDefault)].SkinTexture.Female.NormalOrGloss.RawPath"
            },
            {
              "Source": "textures\\FLAWN\\Flawn's Argonians - CBBE Patch 1.0 4k compressed\\FEET Human_MSN\\data\\textures\\actors\\character\\argonianfemale\\argonianfemaleTail_msn.dds",
              "Destination": "WornArmor.Armature[BodyTemplate.FirstPersonFlags.Invoke:HasFlag(BipedObjectFlag.Feet) && MatchRace(Race, AdditionalRaces, MatchDefault)].SkinTexture.Female.NormalOrGloss.RawPath"
            },
            {
              "Source": "textures\\FLAWN\\Flawn's Argonians - CBBE Patch 1.0 4k compressed\\FEET Human_MSN\\data\\textures\\actors\\character\\argonianfemale\\argonianfemaleTail_msn.dds",
              "Destination": "WornArmor.Armature[BodyTemplate.FirstPersonFlags.Invoke:HasFlag(BipedObjectFlag.Tail) && MatchRace(Race, AdditionalRaces, MatchDefault)].SkinTexture.Female.NormalOrGloss.RawPath"
            }
          ],
          "AllowedBodyGenDescriptors": [],
          "AllowedBodyGenMatchMode": "All",
          "DisallowedBodyGenDescriptors": [],
          "DisallowedBodyGenMatchMode": "Any",
          "AllowedBodySlideDescriptors": [],
          "AllowedBodySlideMatchMode": "All",
          "DisallowedBodySlideDescriptors": [],
          "DisallowedBodySlideMatchMode": "Any",
          "WeightRange": {
            "Lower": 0,
            "Upper": 100
          },
          "Subgroups": [],
          "TopLevelSubgroupID": ""
        },
        {
          "ID": "BN.H",
          "Name": "Hefty",
          "Enabled": true,
          "DistributionEnabled": true,
          "Notes": "",
          "AllowedRaces": [],
          "AllowedRaceGroupings": [],
          "DisallowedRaces": [],
          "DisallowedRaceGroupings": [],
          "AllowedAttributes": [],
          "DisallowedAttributes": [],
          "AllowUnique": true,
          "AllowNonUnique": true,
          "RequiredSubgroups": [],
          "ExcludedSubgroups": [],
          "AddKeywords": [],
          "ProbabilityWeighting": 1.0,
          "Paths": [
            {
              "Source": "textures\\FMUSC\\Flawn's Argonians - Muscles 1.0\\CBBE hefty\\data\\textures\\actors\\character\\argonianfemale\\argonianfemalebody_msn.dds",
              "Destination": "WornArmor.Armature[BodyTemplate.FirstPersonFlags.Invoke:HasFlag(BipedObjectFlag.Body) && MatchRace(Race, AdditionalRaces, MatchDefault)].SkinTexture.Female.NormalOrGloss.RawPath"
            },
            {
              "Source": "textures\\FLAWN\\Flawn's Argonians - CBBE Patch 1.0 4k compressed\\FEET Human_MSN\\data\\textures\\actors\\character\\argonianfemale\\argonianfemaleTail_msn.dds",
              "Destination": "WornArmor.Armature[BodyTemplate.FirstPersonFlags.Invoke:HasFlag(BipedObjectFlag.Feet) && MatchRace(Race, AdditionalRaces, MatchDefault)].SkinTexture.Female.NormalOrGloss.RawPath"
            },
            {
              "Source": "textures\\FLAWN\\Flawn's Argonians - CBBE Patch 1.0 4k compressed\\FEET Human_MSN\\data\\textures\\actors\\character\\argonianfemale\\argonianfemaleTail_msn.dds",
              "Destination": "WornArmor.Armature[BodyTemplate.FirstPersonFlags.Invoke:HasFlag(BipedObjectFlag.Tail) && MatchRace(Race, AdditionalRaces, MatchDefault)].SkinTexture.Female.NormalOrGloss.RawPath"
            }
          ],
          "AllowedBodyGenDescriptors": [],
          "AllowedBodyGenMatchMode": "All",
          "DisallowedBodyGenDescriptors": [],
          "DisallowedBodyGenMatchMode": "Any",
          "AllowedBodySlideDescriptors": [],
          "AllowedBodySlideMatchMode": "All",
          "DisallowedBodySlideDescriptors": [],
          "DisallowedBodySlideMatchMode": "Any",
          "WeightRange": {
            "Lower": 0,
            "Upper": 100
          },
          "Subgroups": [],
          "TopLevelSubgroupID": ""
        }
      ],
      "TopLevelSubgroupID": ""
    },
    {
      "ID": "BS",
      "Name": "Body Specular",
      "Enabled": true,
      "DistributionEnabled": true,
      "Notes": "",
      "AllowedRaces": [],
      "AllowedRaceGroupings": [],
      "DisallowedRaces": [],
      "DisallowedRaceGroupings": [],
      "AllowedAttributes": [],
      "DisallowedAttributes": [],
      "AllowUnique": true,
      "AllowNonUnique": true,
      "RequiredSubgroups": [],
      "ExcludedSubgroups": [],
      "AddKeywords": [],
      "ProbabilityWeighting": 1.0,
      "Paths": [],
      "AllowedBodyGenDescriptors": [],
      "AllowedBodyGenMatchMode": "All",
      "DisallowedBodyGenDescriptors": [],
      "DisallowedBodyGenMatchMode": "Any",
      "AllowedBodySlideDescriptors": [],
      "AllowedBodySlideMatchMode": "All",
      "DisallowedBodySlideDescriptors": [],
      "DisallowedBodySlideMatchMode": "Any",
      "WeightRange": {
        "Lower": 0,
        "Upper": 100
      },
      "Subgroups": [
        {
          "ID": "BS.D",
          "Name": "Default",
          "Enabled": true,
          "DistributionEnabled": true,
          "Notes": "",
          "AllowedRaces": [],
          "AllowedRaceGroupings": [],
          "DisallowedRaces": [],
          "DisallowedRaceGroupings": [],
          "AllowedAttributes": [],
          "DisallowedAttributes": [],
          "AllowUnique": true,
          "AllowNonUnique": true,
          "RequiredSubgroups": [
            "BN.D",
            "BD.D"
          ],
          "ExcludedSubgroups": [],
          "AddKeywords": [],
          "ProbabilityWeighting": 1.0,
          "Paths": [
            {
              "Source": "textures\\FLAWN\\Flawn's Argonians - CBBE Patch 1.0 4k compressed\\CBBE_D\\data\\textures\\actors\\character\\argonianfemale\\argonianfemalebody_s.dds",
              "Destination": "WornArmor.Armature[BodyTemplate.FirstPersonFlags.Invoke:HasFlag(BipedObjectFlag.Body) && MatchRace(Race, AdditionalRaces, MatchDefault)].SkinTexture.Female.BacklightMaskOrSpecular.RawPath"
            },
            {
              "Source": "textures\\FLAWN\\Flawn's Argonians - CBBE Patch 1.0 4k compressed\\FEET Human_D\\data\\textures\\actors\\character\\argonianfemale\\argonianfemaleTail_s.dds",
              "Destination": "WornArmor.Armature[BodyTemplate.FirstPersonFlags.Invoke:HasFlag(BipedObjectFlag.Feet) && MatchRace(Race, AdditionalRaces, MatchDefault)].SkinTexture.Female.BacklightMaskOrSpecular.RawPath"
            },
            {
              "Source": "textures\\FLAWN\\Flawn's Argonians - CBBE Patch 1.0 4k compressed\\FEET Human_D\\data\\textures\\actors\\character\\argonianfemale\\argonianfemaleTail_s.dds",
              "Destination": "WornArmor.Armature[BodyTemplate.FirstPersonFlags.Invoke:HasFlag(BipedObjectFlag.Tail) && MatchRace(Race, AdditionalRaces, MatchDefault)].SkinTexture.Female.BacklightMaskOrSpecular.RawPath"
            }
          ],
          "AllowedBodyGenDescriptors": [],
          "AllowedBodyGenMatchMode": "All",
          "DisallowedBodyGenDescriptors": [],
          "DisallowedBodyGenMatchMode": "Any",
          "AllowedBodySlideDescriptors": [],
          "AllowedBodySlideMatchMode": "All",
          "DisallowedBodySlideDescriptors": [],
          "DisallowedBodySlideMatchMode": "Any",
          "WeightRange": {
            "Lower": 0,
            "Upper": 100
          },
          "Subgroups": [],
          "TopLevelSubgroupID": ""
        },
        {
          "ID": "BS.NN",
          "Name": "No Nipples",
          "Enabled": true,
          "DistributionEnabled": true,
          "Notes": "",
          "AllowedRaces": [],
          "AllowedRaceGroupings": [],
          "DisallowedRaces": [],
          "DisallowedRaceGroupings": [],
          "AllowedAttributes": [],
          "DisallowedAttributes": [],
          "AllowUnique": true,
          "AllowNonUnique": true,
          "RequiredSubgroups": [
            "BD.NN",
            "BN.NN"
          ],
          "ExcludedSubgroups": [],
          "AddKeywords": [],
          "ProbabilityWeighting": 1.0,
          "Paths": [
            {
              "Source": "textures\\FLAWN\\Flawn's Argonians - CBBE Patch 1.0 4k compressed\\CBBE no-nipple_D\\data\\textures\\actors\\character\\argonianfemale\\argonianfemalebody_s.dds",
              "Destination": "WornArmor.Armature[BodyTemplate.FirstPersonFlags.Invoke:HasFlag(BipedObjectFlag.Body) && MatchRace(Race, AdditionalRaces, MatchDefault)].SkinTexture.Female.BacklightMaskOrSpecular.RawPath"
            },
            {
              "Source": "textures\\FLAWN\\Flawn's Argonians - CBBE Patch 1.0 4k compressed\\FEET Human_D\\data\\textures\\actors\\character\\argonianfemale\\argonianfemaleTail_s.dds",
              "Destination": "WornArmor.Armature[BodyTemplate.FirstPersonFlags.Invoke:HasFlag(BipedObjectFlag.Feet) && MatchRace(Race, AdditionalRaces, MatchDefault)].SkinTexture.Female.BacklightMaskOrSpecular.RawPath"
            },
            {
              "Source": "textures\\FLAWN\\Flawn's Argonians - CBBE Patch 1.0 4k compressed\\CBBE no-nipple_D\\data\\textures\\actors\\character\\argonianfemale\\argonianfemalebody_s.dds",
              "Destination": "WornArmor.Armature[BodyTemplate.FirstPersonFlags.Invoke:HasFlag(BipedObjectFlag.Tail) && MatchRace(Race, AdditionalRaces, MatchDefault)].SkinTexture.Female.BacklightMaskOrSpecular.RawPath"
            }
          ],
          "AllowedBodyGenDescriptors": [],
          "AllowedBodyGenMatchMode": "All",
          "DisallowedBodyGenDescriptors": [],
          "DisallowedBodyGenMatchMode": "Any",
          "AllowedBodySlideDescriptors": [],
          "AllowedBodySlideMatchMode": "All",
          "DisallowedBodySlideDescriptors": [],
          "DisallowedBodySlideMatchMode": "Any",
          "WeightRange": {
            "Lower": 0,
            "Upper": 100
          },
          "Subgroups": [],
          "TopLevelSubgroupID": ""
        },
        {
          "ID": "BS.RS",
          "Name": "Really Smooth",
          "Enabled": true,
          "DistributionEnabled": true,
          "Notes": "",
          "AllowedRaces": [],
          "AllowedRaceGroupings": [],
          "DisallowedRaces": [],
          "DisallowedRaceGroupings": [],
          "AllowedAttributes": [],
          "DisallowedAttributes": [],
          "AllowUnique": true,
          "AllowNonUnique": true,
          "RequiredSubgroups": [
            "BD.RS",
            "BN.RS"
          ],
          "ExcludedSubgroups": [],
          "AddKeywords": [],
          "ProbabilityWeighting": 1.0,
          "Paths": [
            {
              "Source": "textures\\FLAWN\\Flawn's Argonians - CBBE Patch 1.0 4k compressed\\CBBE Really Smooth_D\\data\\textures\\actors\\character\\argonianfemale\\argonianfemalebody_s.dds",
              "Destination": "WornArmor.Armature[BodyTemplate.FirstPersonFlags.Invoke:HasFlag(BipedObjectFlag.Body) && MatchRace(Race, AdditionalRaces, MatchDefault)].SkinTexture.Female.BacklightMaskOrSpecular.RawPath"
            },
            {
              "Source": "textures\\FLAWN\\Flawn's Argonians - CBBE Patch 1.0 4k compressed\\CBBE no-nipple_D\\data\\textures\\actors\\character\\argonianfemale\\argonianfemalebody_s.dds",
              "Destination": "WornArmor.Armature[BodyTemplate.FirstPersonFlags.Invoke:HasFlag(BipedObjectFlag.Feet) && MatchRace(Race, AdditionalRaces, MatchDefault)].SkinTexture.Female.BacklightMaskOrSpecular.RawPath"
            },
            {
              "Source": "textures\\FLAWN\\Flawn's Argonians - CBBE Patch 1.0 4k compressed\\CBBE no-nipple_D\\data\\textures\\actors\\character\\argonianfemale\\argonianfemalebody_s.dds",
              "Destination": "WornArmor.Armature[BodyTemplate.FirstPersonFlags.Invoke:HasFlag(BipedObjectFlag.Tail) && MatchRace(Race, AdditionalRaces, MatchDefault)].SkinTexture.Female.BacklightMaskOrSpecular.RawPath"
            }
          ],
          "AllowedBodyGenDescriptors": [],
          "AllowedBodyGenMatchMode": "All",
          "DisallowedBodyGenDescriptors": [],
          "DisallowedBodyGenMatchMode": "Any",
          "AllowedBodySlideDescriptors": [],
          "AllowedBodySlideMatchMode": "All",
          "DisallowedBodySlideDescriptors": [],
          "DisallowedBodySlideMatchMode": "Any",
          "WeightRange": {
            "Lower": 0,
            "Upper": 100
          },
          "Subgroups": [],
          "TopLevelSubgroupID": ""
        },
        {
          "ID": "BS.Du",
          "Name": "Dull",
          "Enabled": true,
          "DistributionEnabled": true,
          "Notes": "",
          "AllowedRaces": [],
          "AllowedRaceGroupings": [],
          "DisallowedRaces": [],
          "DisallowedRaceGroupings": [],
          "AllowedAttributes": [],
          "DisallowedAttributes": [],
          "AllowUnique": true,
          "AllowNonUnique": true,
          "RequiredSubgroups": [
            "HSp.D",
            "HS.D"
          ],
          "ExcludedSubgroups": [],
          "AddKeywords": [],
          "ProbabilityWeighting": 1.0,
          "Paths": [
            {
              "Source": "textures\\FDuS\\Dull Speculars 0.1\\Data\\Textures\\Actors\\Character\\argonianfemale\\argonianfemalebody_s.dds",
              "Destination": "WornArmor.Armature[BodyTemplate.FirstPersonFlags.Invoke:HasFlag(BipedObjectFlag.Body) && MatchRace(Race, AdditionalRaces, MatchDefault)].SkinTexture.Female.BacklightMaskOrSpecular.RawPath"
            },
            {
              "Source": "textures\\FDuS\\Dull Speculars 0.1\\Data\\Textures\\Actors\\Character\\argonianfemale\\argonianfemaletail_s.dds",
              "Destination": "WornArmor.Armature[BodyTemplate.FirstPersonFlags.Invoke:HasFlag(BipedObjectFlag.Feet) && MatchRace(Race, AdditionalRaces, MatchDefault)].SkinTexture.Female.BacklightMaskOrSpecular.RawPath"
            },
            {
              "Source": "textures\\FDuS\\Dull Speculars 0.1\\Data\\Textures\\Actors\\Character\\argonianfemale\\argonianfemaletail_s.dds",
              "Destination": "WornArmor.Armature[BodyTemplate.FirstPersonFlags.Invoke:HasFlag(BipedObjectFlag.Tail) && MatchRace(Race, AdditionalRaces, MatchDefault)].SkinTexture.Female.BacklightMaskOrSpecular.RawPath"
            }
          ],
          "AllowedBodyGenDescriptors": [],
          "AllowedBodyGenMatchMode": "All",
          "DisallowedBodyGenDescriptors": [],
          "DisallowedBodyGenMatchMode": "Any",
          "AllowedBodySlideDescriptors": [],
          "AllowedBodySlideMatchMode": "All",
          "DisallowedBodySlideDescriptors": [],
          "DisallowedBodySlideMatchMode": "Any",
          "WeightRange": {
            "Lower": 0,
            "Upper": 100
          },
          "Subgroups": [],
          "TopLevelSubgroupID": ""
        }
      ],
      "TopLevelSubgroupID": ""
    },
    {
      "ID": "HDi",
      "Name": "Hands Diffuse",
      "Enabled": true,
      "DistributionEnabled": true,
      "Notes": "",
      "AllowedRaces": [],
      "AllowedRaceGroupings": [],
      "DisallowedRaces": [],
      "DisallowedRaceGroupings": [],
      "AllowedAttributes": [],
      "DisallowedAttributes": [],
      "AllowUnique": true,
      "AllowNonUnique": true,
      "RequiredSubgroups": [],
      "ExcludedSubgroups": [],
      "AddKeywords": [],
      "ProbabilityWeighting": 1.0,
      "Paths": [
        {
          "Source": "textures\\FLAWN\\Flawn's Argonians 1.0 4k compressed\\0_MAIN_D\\Data\\Textures\\Actors\\Character\\argonianfemale\\argonianfemalehands.dds",
          "Destination": "WornArmor.Armature[BodyTemplate.FirstPersonFlags.Invoke:HasFlag(BipedObjectFlag.Hands) && MatchRace(Race, AdditionalRaces, MatchDefault)].SkinTexture.Female.Diffuse.RawPath"
        }
      ],
      "AllowedBodyGenDescriptors": [],
      "AllowedBodyGenMatchMode": "All",
      "DisallowedBodyGenDescriptors": [],
      "DisallowedBodyGenMatchMode": "Any",
      "AllowedBodySlideDescriptors": [],
      "AllowedBodySlideMatchMode": "All",
      "DisallowedBodySlideDescriptors": [],
      "DisallowedBodySlideMatchMode": "Any",
      "WeightRange": {
        "Lower": 0,
        "Upper": 100
      },
      "Subgroups": [],
      "TopLevelSubgroupID": ""
    },
    {
      "ID": "HNo",
      "Name": "Hands Normal",
      "Enabled": true,
      "DistributionEnabled": true,
      "Notes": "",
      "AllowedRaces": [],
      "AllowedRaceGroupings": [],
      "DisallowedRaces": [],
      "DisallowedRaceGroupings": [],
      "AllowedAttributes": [],
      "DisallowedAttributes": [],
      "AllowUnique": true,
      "AllowNonUnique": true,
      "RequiredSubgroups": [],
      "ExcludedSubgroups": [],
      "AddKeywords": [],
      "ProbabilityWeighting": 1.0,
      "Paths": [
        {
          "Source": "textures\\FLAWN\\Flawn's Argonians 1.0 4k compressed\\0_MAIN_MSN\\Data\\Textures\\Actors\\Character\\argonianfemale\\argonianfemalehands_msn.dds",
          "Destination": "WornArmor.Armature[BodyTemplate.FirstPersonFlags.Invoke:HasFlag(BipedObjectFlag.Hands) && MatchRace(Race, AdditionalRaces, MatchDefault)].SkinTexture.Female.NormalOrGloss.RawPath"
        }
      ],
      "AllowedBodyGenDescriptors": [],
      "AllowedBodyGenMatchMode": "All",
      "DisallowedBodyGenDescriptors": [],
      "DisallowedBodyGenMatchMode": "Any",
      "AllowedBodySlideDescriptors": [],
      "AllowedBodySlideMatchMode": "All",
      "DisallowedBodySlideDescriptors": [],
      "DisallowedBodySlideMatchMode": "Any",
      "WeightRange": {
        "Lower": 0,
        "Upper": 100
      },
      "Subgroups": [],
      "TopLevelSubgroupID": ""
    },
    {
      "ID": "HSp",
      "Name": "Hands Specular",
      "Enabled": true,
      "DistributionEnabled": true,
      "Notes": "",
      "AllowedRaces": [],
      "AllowedRaceGroupings": [],
      "DisallowedRaces": [],
      "DisallowedRaceGroupings": [],
      "AllowedAttributes": [],
      "DisallowedAttributes": [],
      "AllowUnique": true,
      "AllowNonUnique": true,
      "RequiredSubgroups": [],
      "ExcludedSubgroups": [],
      "AddKeywords": [],
      "ProbabilityWeighting": 1.0,
      "Paths": [],
      "AllowedBodyGenDescriptors": [],
      "AllowedBodyGenMatchMode": "All",
      "DisallowedBodyGenDescriptors": [],
      "DisallowedBodyGenMatchMode": "Any",
      "AllowedBodySlideDescriptors": [],
      "AllowedBodySlideMatchMode": "All",
      "DisallowedBodySlideDescriptors": [],
      "DisallowedBodySlideMatchMode": "Any",
      "WeightRange": {
        "Lower": 0,
        "Upper": 100
      },
      "Subgroups": [
        {
          "ID": "HSp.De",
          "Name": "Default",
          "Enabled": true,
          "DistributionEnabled": true,
          "Notes": "",
          "AllowedRaces": [],
          "AllowedRaceGroupings": [],
          "DisallowedRaces": [],
          "DisallowedRaceGroupings": [],
          "AllowedAttributes": [],
          "DisallowedAttributes": [],
          "AllowUnique": true,
          "AllowNonUnique": true,
          "RequiredSubgroups": [
            "HD.D",
            "BS.D",
            "BN.D",
            "HS.De"
          ],
          "ExcludedSubgroups": [],
          "AddKeywords": [],
          "ProbabilityWeighting": 1.0,
          "Paths": [
            {
              "Source": "textures\\FLAWN\\Flawn's Argonians 1.0 4k compressed\\0_MAIN_D\\Data\\Textures\\Actors\\Character\\argonianfemale\\argonianfemalehands_s.dds",
              "Destination": "WornArmor.Armature[BodyTemplate.FirstPersonFlags.Invoke:HasFlag(BipedObjectFlag.Hands) && MatchRace(Race, AdditionalRaces, MatchDefault)].SkinTexture.Female.BacklightMaskOrSpecular.RawPath"
            }
          ],
          "AllowedBodyGenDescriptors": [],
          "AllowedBodyGenMatchMode": "All",
          "DisallowedBodyGenDescriptors": [],
          "DisallowedBodyGenMatchMode": "Any",
          "AllowedBodySlideDescriptors": [],
          "AllowedBodySlideMatchMode": "All",
          "DisallowedBodySlideDescriptors": [],
          "DisallowedBodySlideMatchMode": "Any",
          "WeightRange": {
            "Lower": 0,
            "Upper": 100
          },
          "Subgroups": [],
          "TopLevelSubgroupID": ""
        },
        {
          "ID": "HSp.D",
          "Name": "Dull",
          "Enabled": true,
          "DistributionEnabled": true,
          "Notes": "",
          "AllowedRaces": [],
          "AllowedRaceGroupings": [],
          "DisallowedRaces": [],
          "DisallowedRaceGroupings": [],
          "AllowedAttributes": [],
          "DisallowedAttributes": [],
          "AllowUnique": true,
          "AllowNonUnique": true,
          "RequiredSubgroups": [
            "BS.Du",
            "HS.D"
          ],
          "ExcludedSubgroups": [],
          "AddKeywords": [],
          "ProbabilityWeighting": 1.0,
          "Paths": [
            {
              "Source": "textures\\FDuS\\Dull Speculars 0.1\\Data\\Textures\\Actors\\Character\\argonianfemale\\argonianfemalehands_s.dds",
              "Destination": "WornArmor.Armature[BodyTemplate.FirstPersonFlags.Invoke:HasFlag(BipedObjectFlag.Hands) && MatchRace(Race, AdditionalRaces, MatchDefault)].SkinTexture.Female.BacklightMaskOrSpecular.RawPath"
            }
          ],
          "AllowedBodyGenDescriptors": [],
          "AllowedBodyGenMatchMode": "All",
          "DisallowedBodyGenDescriptors": [],
          "DisallowedBodyGenMatchMode": "Any",
          "AllowedBodySlideDescriptors": [],
          "AllowedBodySlideMatchMode": "All",
          "DisallowedBodySlideDescriptors": [],
          "DisallowedBodySlideMatchMode": "Any",
          "WeightRange": {
            "Lower": 0,
            "Upper": 100
          },
          "Subgroups": [],
          "TopLevelSubgroupID": ""
        }
      ],
      "TopLevelSubgroupID": ""
    }
  ],
  "DefaultRecordTemplate": "000801:Record Templates.esp",
  "AdditionalRecordTemplateAssignments": [
    {
      "Races": [
        "088845:Skyrim.esm",
        "013745:Skyrim.esm"
      ],
      "TemplateNPC": "000803:Record Templates.esp",
      "AdditionalRacesPaths": [
        "WornArmor.Armature[BodyTemplate.FirstPersonFlags.Invoke:HasFlag(BipedObjectFlag.Body) && MatchRace(Race, AdditionalRaces, MatchDefault)].AdditionalRaces",
        "WornArmor.Armature[BodyTemplate.FirstPersonFlags.Invoke:HasFlag(BipedObjectFlag.Hands) && MatchRace(Race, AdditionalRaces, MatchDefault)].AdditionalRaces",
        "WornArmor.Armature[BodyTemplate.FirstPersonFlags.Invoke:HasFlag(BipedObjectFlag.Feet) && MatchRace(Race, AdditionalRaces, MatchDefault)].AdditionalRaces",
        "WornArmor.Armature[BodyTemplate.FirstPersonFlags.Invoke:HasFlag(BipedObjectFlag.Tail) && MatchRace(Race, AdditionalRaces, MatchDefault)].AdditionalRaces"
      ]
    },
    {
      "Races": [
        "08883A:Skyrim.esm",
        "013740:Skyrim.esm"
      ],
      "TemplateNPC": "000805:Record Templates.esp",
      "AdditionalRacesPaths": [
        "WornArmor.Armature[BodyTemplate.FirstPersonFlags.Invoke:HasFlag(BipedObjectFlag.Body) && MatchRace(Race, AdditionalRaces, MatchDefault)].AdditionalRaces",
        "WornArmor.Armature[BodyTemplate.FirstPersonFlags.Invoke:HasFlag(BipedObjectFlag.Hands) && MatchRace(Race, AdditionalRaces, MatchDefault)].AdditionalRaces",
        "WornArmor.Armature[BodyTemplate.FirstPersonFlags.Invoke:HasFlag(BipedObjectFlag.Feet) && MatchRace(Race, AdditionalRaces, MatchDefault)].AdditionalRaces",
        "WornArmor.Armature[BodyTemplate.FirstPersonFlags.Invoke:HasFlag(BipedObjectFlag.Tail) && MatchRace(Race, AdditionalRaces, MatchDefault)].AdditionalRaces"
      ]
    }
  ],
  "AssociatedBodyGenConfigName": "",
  "ReplacerGroups": [],
  "DefaultRecordTemplateAdditionalRacesPaths": [
    "WornArmor.Armature[BodyTemplate.FirstPersonFlags.Invoke:HasFlag(BipedObjectFlag.Body) && MatchRace(Race, AdditionalRaces, MatchDefault)].AdditionalRaces",
    "WornArmor.Armature[BodyTemplate.FirstPersonFlags.Invoke:HasFlag(BipedObjectFlag.Hands) && MatchRace(Race, AdditionalRaces, MatchDefault)].AdditionalRaces",
    "WornArmor.Armature[BodyTemplate.FirstPersonFlags.Invoke:HasFlag(BipedObjectFlag.Feet) && MatchRace(Race, AdditionalRaces, MatchDefault)].AdditionalRaces"
  ],
  "AttributeGroups": [],
  "RaceGroupings": [
    {
      "Label": "Humanoid",
      "Races": [
        "013746:Skyrim.esm",
        "013741:Skyrim.esm",
        "013742:Skyrim.esm",
        "013743:Skyrim.esm",
        "013744:Skyrim.esm",
        "013747:Skyrim.esm",
        "013748:Skyrim.esm",
        "013749:Skyrim.esm",
        "067CD8:Skyrim.esm",
        "088794:Skyrim.esm",
        "08883C:Skyrim.esm",
        "08883D:Skyrim.esm",
        "088840:Skyrim.esm",
        "088844:Skyrim.esm",
        "0A82B9:Skyrim.esm",
        "088846:Skyrim.esm",
        "088884:Skyrim.esm",
        "0A82BA:Skyrim.esm",
        "07EAF3:Skyrim.esm",
        "097A3D:Skyrim.esm",
        "00377D:Dawnguard.esm",
        "00E88A:Dawnguard.esm"
      ]
    },
    {
      "Label": "Humanoid Playable",
      "Races": [
        "013746:Skyrim.esm",
        "013741:Skyrim.esm",
        "013742:Skyrim.esm",
        "013743:Skyrim.esm",
        "013744:Skyrim.esm",
        "013747:Skyrim.esm",
        "013748:Skyrim.esm",
        "013749:Skyrim.esm",
        "067CD8:Skyrim.esm",
        "088794:Skyrim.esm",
        "08883C:Skyrim.esm",
        "08883D:Skyrim.esm",
        "088840:Skyrim.esm",
        "088844:Skyrim.esm",
        "0A82B9:Skyrim.esm",
        "088846:Skyrim.esm",
        "088884:Skyrim.esm",
        "0A82BA:Skyrim.esm"
      ]
    },
    {
      "Label": "Humanoid Non-Vampire",
      "Races": [
        "013746:Skyrim.esm",
        "013741:Skyrim.esm",
        "013742:Skyrim.esm",
        "013743:Skyrim.esm",
        "013744:Skyrim.esm",
        "013747:Skyrim.esm",
        "013748:Skyrim.esm",
        "013749:Skyrim.esm",
        "067CD8:Skyrim.esm",
        "07EAF3:Skyrim.esm",
        "097A3D:Skyrim.esm",
        "00377D:Dawnguard.esm",
        "00E88A:Dawnguard.esm"
      ]
    },
    {
      "Label": "Humanoid Vampire",
      "Races": [
        "088794:Skyrim.esm",
        "08883C:Skyrim.esm",
        "08883D:Skyrim.esm",
        "088840:Skyrim.esm",
        "088844:Skyrim.esm",
        "0A82B9:Skyrim.esm",
        "088846:Skyrim.esm",
        "088884:Skyrim.esm",
        "0A82BA:Skyrim.esm"
      ]
    },
    {
      "Label": "Humanoid Young",
      "Races": [
        "013746:Skyrim.esm",
        "013741:Skyrim.esm",
        "013742:Skyrim.esm",
        "013743:Skyrim.esm",
        "013744:Skyrim.esm",
        "013747:Skyrim.esm",
        "013748:Skyrim.esm",
        "013749:Skyrim.esm",
        "088794:Skyrim.esm",
        "08883C:Skyrim.esm",
        "08883D:Skyrim.esm",
        "088840:Skyrim.esm",
        "088844:Skyrim.esm",
        "0A82B9:Skyrim.esm",
        "088846:Skyrim.esm",
        "088884:Skyrim.esm",
        "07EAF3:Skyrim.esm",
        "097A3D:Skyrim.esm",
        "00377D:Dawnguard.esm",
        "00E88A:Dawnguard.esm"
      ]
    },
    {
      "Label": "Humanoid Young Non-Vampire",
      "Races": [
        "013746:Skyrim.esm",
        "013741:Skyrim.esm",
        "013742:Skyrim.esm",
        "013743:Skyrim.esm",
        "013744:Skyrim.esm",
        "013747:Skyrim.esm",
        "013748:Skyrim.esm",
        "013749:Skyrim.esm",
        "07EAF3:Skyrim.esm",
        "097A3D:Skyrim.esm",
        "00377D:Dawnguard.esm",
        "00E88A:Dawnguard.esm"
      ]
    },
    {
      "Label": "Humanoid Young Vampire",
      "Races": [
        "088794:Skyrim.esm",
        "08883C:Skyrim.esm",
        "08883D:Skyrim.esm",
        "088840:Skyrim.esm",
        "088844:Skyrim.esm",
        "0A82B9:Skyrim.esm",
        "088846:Skyrim.esm",
        "088884:Skyrim.esm"
      ]
    },
    {
      "Label": "Elven",
      "Races": [
        "013742:Skyrim.esm",
        "013743:Skyrim.esm",
        "013749:Skyrim.esm",
        "08883D:Skyrim.esm",
        "088840:Skyrim.esm",
        "088884:Skyrim.esm",
        "00377D:Dawnguard.esm"
      ]
    },
    {
      "Label": "Elven Non-Vampire",
      "Races": [
        "013742:Skyrim.esm",
        "013743:Skyrim.esm",
        "013749:Skyrim.esm",
        "00377D:Dawnguard.esm"
      ]
    },
    {
      "Label": "Elven Vampire",
      "Races": [
        "08883D:Skyrim.esm",
        "088840:Skyrim.esm",
        "088884:Skyrim.esm"
      ]
    },
    {
      "Label": "Breton",
      "Races": [
        "013741:Skyrim.esm",
        "08883C:Skyrim.esm"
      ]
    },
    {
      "Label": "Dark Elf",
      "Races": [
        "013742:Skyrim.esm",
        "08883D:Skyrim.esm"
      ]
    },
    {
      "Label": "High Elf",
      "Races": [
        "013743:Skyrim.esm",
        "088840:Skyrim.esm"
      ]
    },
    {
      "Label": "Imperial",
      "Races": [
        "013744:Skyrim.esm",
        "088844:Skyrim.esm"
      ]
    },
    {
      "Label": "Nord",
      "Races": [
        "013746:Skyrim.esm",
        "088794:Skyrim.esm",
        "00E88A:Dawnguard.esm"
      ]
    },
    {
      "Label": "Orc",
      "Races": [
        "013747:Skyrim.esm",
        "0A82B9:Skyrim.esm"
      ]
    },
    {
      "Label": "Redguard",
      "Races": [
        "013748:Skyrim.esm",
        "088846:Skyrim.esm"
      ]
    },
    {
      "Label": "Wood Elf",
      "Races": [
        "013749:Skyrim.esm",
        "088884:Skyrim.esm"
      ]
    },
    {
      "Label": "Elder",
      "Races": [
        "067CD8:Skyrim.esm",
        "0A82BA:Skyrim.esm"
      ]
    },
    {
      "Label": "Khajiit",
      "Races": [
        "013745:Skyrim.esm",
        "088845:Skyrim.esm"
      ]
    },
    {
      "Label": "Argonian",
      "Races": [
        "013740:Skyrim.esm",
        "08883A:Skyrim.esm"
      ]
    }
  ],
  "DistributionRules": {
    "AllowedRaces": [],
    "AllowedRaceGroupings": [
      "Argonian"
    ],
    "DisallowedRaces": [],
    "DisallowedRaceGroupings": [],
    "AllowedAttributes": [],
    "DisallowedAttributes": [],
    "AllowUnique": true,
    "AllowNonUnique": true,
    "AddKeywords": [],
    "ProbabilityWeighting": 1.0,
    "AllowedBodyGenDescriptors": null,
    "AllowedBodyGenMatchMode": "All",
    "DisallowedBodyGenDescriptors": null,
    "DisallowedBodyGenMatchMode": "Any",
    "AllowedBodySlideDescriptors": [],
    "AllowedBodySlideMatchMode": "All",
    "DisallowedBodySlideDescriptors": [],
    "DisallowedBodySlideMatchMode": "Any",
    "WeightRange": {
      "Lower": 0,
      "Upper": 100
    }
  },
  "AssociatedBsaModKeys": []
}